order_id,customer_id,order_date,order_amount_inr,category,payment_method,is_discount_used
ORD_541460,CUST_1000,2026-06-27,1175.8,Beauty,UPI,0
ORD_664396,CUST_1000,2026-08-18,2449.02,Beauty,UPI,1
ORD_652467,CUST_1000,2025-10-24,688.08,Books,Debit Card,1
ORD_667201,CUST_1001,2026-02-21,556.92,Home & Kitchen,Credit Card,0
ORD_256104,CUST_1001,2025-08-22,480.7,Books,UPI,1
ORD_679111,CUST_1002,2026-02-28,597.21,Beauty,COD,0
ORD_985155,CUST_1002,2025-10-02,3025.97,Apparel,Debit Card,1
ORD_157022,CUST_1002,2025-08-01,1792.3,Home & Kitchen,Debit Card,0
ORD_914037,CUST_1002,2025-06-14,491.99,Books,Credit Card,1
ORD_334213,CUST_1003,2025-08-18,1508.94,Apparel,COD,0
ORD_589536,CUST_1003,2025-06-13,218.29,Apparel,UPI,1
ORD_610259,CUST_1004,2026-02-11,354.85,Apparel,Credit Card,0
ORD_399631,CUST_1004,2026-02-07,1782.08,Home & Kitchen,UPI,1
ORD_917052,CUST_1004,2026-07-27,947.34,Apparel,UPI,0
ORD_524127,CUST_1004,2025-06-17,1812.46,Electronics,UPI,1
ORD_103631,CUST_1004,2025-06-29,691.44,Apparel,Credit Card,0
ORD_107099,CUST_1005,2026-05-09,1295.99,Home & Kitchen,UPI,1
ORD_163936,CUST_1005,2025-08-26,1910.22,Books,COD,0
ORD_163530,CUST_1005,2026-06-20,312.22,Home & Kitchen,COD,0
ORD_247603,CUST_1005,2026-03-04,935.54,Beauty,Debit Card,1
ORD_858994,CUST_1005,2026-06-26,2497.62,Home & Kitchen,Debit Card,0
ORD_521486,CUST_1006,2026-06-03,5356.48,Electronics,UPI,0
ORD_619089,CUST_1006,2025-07-19,642.39,Beauty,Credit Card,0
ORD_571256,CUST_1006,2026-06-13,1175.87,Apparel,Credit Card,1
ORD_670126,CUST_1007,2026-02-28,4148.38,Electronics,UPI,0
ORD_285165,CUST_1007,2025-10-02,938.14,Apparel,Credit Card,0
ORD_507507,CUST_1007,2025-12-30,1890.44,Home & Kitchen,Credit Card,0
ORD_177794,CUST_1007,2025-09-30,2738.8,Electronics,COD,1
ORD_287921,CUST_1007,2025-10-27,2310.0,Books,Credit Card,1
ORD_941965,CUST_1007,2025-10-13,498.76,Home & Kitchen,COD,0
ORD_317322,CUST_1007,2026-05-11,4356.2,Books,UPI,0
ORD_277558,CUST_1008,2025-08-27,828.7,Home & Kitchen,UPI,0
ORD_356695,CUST_1008,2025-06-03,729.77,Home & Kitchen,Debit Card,1
ORD_236998,CUST_1008,2025-09-16,1717.1,Books,Debit Card,0
ORD_863711,CUST_1009,2026-05-28,1807.49,Electronics,Credit Card,1
ORD_860109,CUST_1009,2026-01-17,1631.68,Apparel,UPI,0
ORD_621608,CUST_1009,2026-07-25,207.87,Apparel,Credit Card,0
ORD_651120,CUST_1009,2025-06-14,2276.72,Books,UPI,1
ORD_792111,CUST_1009,2026-01-29,2967.46,Home & Kitchen,UPI,0
ORD_959877,CUST_1010,2026-04-06,1984.21,Books,Credit Card,1
ORD_204195,CUST_1010,2025-12-05,2571.26,Beauty,UPI,0
ORD_168099,CUST_1010,2026-01-07,1742.2,Books,COD,0
ORD_368787,CUST_1010,2026-06-23,281.37,Apparel,Credit Card,1
ORD_964661,CUST_1011,2025-10-30,810.24,Apparel,Credit Card,0
ORD_870915,CUST_1011,2025-12-09,1301.88,Books,COD,0
ORD_761616,CUST_1011,2025-11-30,603.5,Beauty,UPI,0
ORD_785614,CUST_1012,2025-08-17,2262.85,Electronics,Credit Card,0
ORD_744600,CUST_1012,2025-07-31,6041.77,Home & Kitchen,UPI,1
ORD_601597,CUST_1012,2026-02-09,1524.57,Electronics,Debit Card,0
ORD_123284,CUST_1012,2026-07-08,650.23,Apparel,Debit Card,0
ORD_370143,CUST_1012,2026-07-26,1183.51,Books,Credit Card,1
ORD_995331,CUST_1012,2025-08-09,1696.13,Apparel,Debit Card,0
ORD_168920,CUST_1012,2025-09-08,2375.53,Beauty,COD,0
ORD_979005,CUST_1013,2026-05-08,655.12,Home & Kitchen,Debit Card,1
ORD_248087,CUST_1013,2026-06-29,676.08,Apparel,UPI,1
ORD_875723,CUST_1013,2026-04-25,1202.89,Home & Kitchen,COD,1
ORD_466008,CUST_1013,2025-06-21,1340.28,Electronics,Debit Card,0
ORD_166707,CUST_1014,2025-10-21,3407.33,Books,Credit Card,1
ORD_595479,CUST_1014,2026-06-19,1668.95,Books,Credit Card,1
ORD_550930,CUST_1015,2026-05-11,4607.21,Beauty,UPI,0
ORD_368448,CUST_1015,2025-11-25,2109.49,Apparel,UPI,1
ORD_905878,CUST_1015,2026-03-16,1311.59,Books,UPI,1
ORD_309093,CUST_1016,2025-09-06,1194.5,Books,UPI,1
ORD_623375,CUST_1016,2025-07-27,1858.56,Apparel,COD,0
ORD_506140,CUST_1016,2025-11-14,1382.61,Beauty,Debit Card,0
ORD_953695,CUST_1016,2026-01-29,2514.62,Books,COD,0
ORD_242055,CUST_1017,2025-12-30,1816.58,Beauty,COD,0
ORD_549916,CUST_1017,2025-11-15,6498.52,Apparel,UPI,0
ORD_141971,CUST_1018,2026-01-13,367.19,Beauty,Debit Card,1
ORD_310097,CUST_1018,2026-08-01,2441.57,Home & Kitchen,Debit Card,0
ORD_685289,CUST_1018,2025-06-08,707.7,Beauty,UPI,0
ORD_522355,CUST_1019,2026-02-23,472.34,Home & Kitchen,UPI,1
ORD_310545,CUST_1019,2026-05-29,6358.55,Electronics,COD,0
ORD_713375,CUST_1019,2025-06-08,3566.33,Beauty,COD,0
ORD_692131,CUST_1019,2026-06-01,330.73,Electronics,COD,1
ORD_472598,CUST_1019,2025-06-16,6887.19,Books,Debit Card,0
ORD_155426,CUST_1020,2026-05-19,244.71,Beauty,Credit Card,0
ORD_619165,CUST_1020,2025-10-11,5643.51,Beauty,UPI,0
ORD_195665,CUST_1020,2025-10-12,2058.07,Beauty,UPI,0
ORD_545358,CUST_1020,2026-05-30,1122.24,Books,COD,0
ORD_633634,CUST_1020,2025-08-15,812.42,Apparel,COD,1
ORD_316823,CUST_1020,2026-01-04,359.1,Books,Debit Card,0
ORD_696804,CUST_1021,2025-09-16,1155.96,Home & Kitchen,Debit Card,0
ORD_258588,CUST_1021,2026-02-27,368.65,Home & Kitchen,COD,0
ORD_223950,CUST_1021,2026-07-28,474.32,Beauty,COD,1
ORD_791958,CUST_1021,2026-05-09,320.32,Home & Kitchen,COD,1
ORD_949710,CUST_1021,2026-03-21,870.32,Books,Debit Card,1
ORD_811886,CUST_1022,2025-12-27,1778.03,Home & Kitchen,Debit Card,0
ORD_742650,CUST_1022,2026-05-20,1088.75,Beauty,UPI,0
ORD_226498,CUST_1022,2025-10-25,5845.43,Home & Kitchen,COD,0
ORD_346183,CUST_1022,2026-05-10,241.33,Electronics,Debit Card,1
ORD_578082,CUST_1022,2026-07-31,2002.54,Beauty,COD,1
ORD_658516,CUST_1023,2026-04-13,306.18,Electronics,Credit Card,0
ORD_237888,CUST_1023,2026-06-11,700.75,Home & Kitchen,UPI,0
ORD_591450,CUST_1023,2026-04-30,2239.15,Beauty,Debit Card,1
ORD_376993,CUST_1023,2026-05-27,801.63,Electronics,COD,0
ORD_579926,CUST_1023,2025-06-16,610.69,Electronics,COD,0
ORD_285378,CUST_1023,2026-02-22,8284.83,Apparel,UPI,0
ORD_560796,CUST_1024,2025-12-18,3805.71,Beauty,Debit Card,1
ORD_412023,CUST_1024,2025-08-04,238.2,Beauty,Credit Card,0
ORD_950478,CUST_1024,2025-06-15,1581.67,Apparel,COD,0
ORD_655083,CUST_1025,2026-08-03,5498.64,Beauty,Credit Card,0
ORD_897622,CUST_1025,2026-05-27,1258.64,Electronics,Credit Card,0
ORD_448939,CUST_1025,2026-02-17,270.09,Home & Kitchen,COD,0
ORD_211032,CUST_1025,2025-09-01,1160.75,Home & Kitchen,COD,0
ORD_969807,CUST_1025,2026-01-23,1164.5,Electronics,UPI,0
ORD_667344,CUST_1025,2026-03-29,276.15,Home & Kitchen,COD,0
ORD_867524,CUST_1026,2026-04-01,1639.84,Books,Debit Card,1
ORD_411478,CUST_1026,2025-07-11,245.18,Home & Kitchen,Credit Card,1
ORD_707564,CUST_1026,2025-10-05,681.82,Electronics,COD,0
ORD_668651,CUST_1026,2025-08-11,3772.62,Books,UPI,1
ORD_299919,CUST_1026,2026-07-22,2804.12,Beauty,Credit Card,1
ORD_475960,CUST_1026,2026-05-13,203.16,Books,Debit Card,0
ORD_880926,CUST_1027,2026-07-25,890.8,Home & Kitchen,Debit Card,0
ORD_965363,CUST_1027,2025-09-21,310.48,Apparel,Debit Card,0
ORD_423494,CUST_1027,2026-02-13,1856.52,Electronics,Credit Card,0
ORD_571249,CUST_1028,2025-07-21,3867.73,Electronics,Debit Card,1
ORD_237103,CUST_1029,2026-05-16,429.97,Electronics,UPI,0
ORD_610370,CUST_1029,2026-01-21,1198.3,Books,Debit Card,0
ORD_961396,CUST_1029,2025-08-01,1426.85,Electronics,Debit Card,1
ORD_331496,CUST_1030,2026-08-11,3167.96,Beauty,COD,1
ORD_773218,CUST_1030,2025-12-12,3123.28,Electronics,Debit Card,0
ORD_115434,CUST_1030,2025-07-18,218.58,Home & Kitchen,UPI,0
ORD_168803,CUST_1031,2026-07-26,3512.24,Electronics,Debit Card,0
ORD_345404,CUST_1031,2025-12-19,1756.94,Beauty,Debit Card,0
ORD_867454,CUST_1031,2025-10-04,1559.47,Electronics,Credit Card,1
ORD_630032,CUST_1032,2026-05-31,5564.68,Home & Kitchen,Debit Card,1
ORD_845219,CUST_1032,2025-11-01,259.67,Home & Kitchen,COD,0
ORD_832722,CUST_1032,2026-04-02,763.58,Books,Debit Card,0
ORD_808521,CUST_1032,2025-09-30,385.18,Apparel,COD,0
ORD_336527,CUST_1033,2026-03-05,1369.39,Books,UPI,0
ORD_962881,CUST_1033,2026-05-31,2352.61,Home & Kitchen,Debit Card,0
ORD_474313,CUST_1033,2026-05-20,650.31,Home & Kitchen,Credit Card,0
ORD_799309,CUST_1033,2026-06-18,672.58,Beauty,Debit Card,0
ORD_568466,CUST_1033,2026-06-20,1502.92,Books,Debit Card,0
ORD_557569,CUST_1033,2025-10-17,548.48,Books,UPI,1
ORD_943601,CUST_1033,2025-09-12,791.39,Apparel,Debit Card,0
ORD_977200,CUST_1034,2025-09-09,1374.69,Home & Kitchen,Debit Card,1
ORD_191088,CUST_1035,2025-12-01,683.96,Apparel,COD,1
ORD_690706,CUST_1035,2025-10-25,1278.94,Beauty,COD,1
ORD_565918,CUST_1035,2025-11-30,905.8,Home & Kitchen,UPI,0
ORD_364598,CUST_1035,2026-07-04,1596.18,Electronics,Debit Card,0
ORD_523602,CUST_1035,2026-08-11,6124.54,Apparel,COD,1
ORD_630430,CUST_1035,2026-01-25,1478.32,Books,Debit Card,0
ORD_804293,CUST_1036,2026-04-19,1092.18,Books,Debit Card,1
ORD_585662,CUST_1036,2025-12-25,2356.99,Books,Credit Card,1
ORD_742613,CUST_1036,2026-06-29,416.56,Books,COD,1
ORD_767304,CUST_1036,2025-10-30,2181.05,Electronics,Credit Card,0
ORD_177842,CUST_1036,2026-06-05,1894.32,Electronics,COD,0
ORD_438113,CUST_1038,2025-12-08,339.17,Electronics,Credit Card,0
ORD_410655,CUST_1038,2026-02-15,984.11,Home & Kitchen,Debit Card,0
ORD_141869,CUST_1038,2025-12-05,1490.72,Apparel,UPI,1
ORD_596762,CUST_1038,2026-05-24,734.08,Electronics,Debit Card,1
ORD_287771,CUST_1038,2025-10-22,1175.88,Apparel,Credit Card,1
ORD_556887,CUST_1038,2025-09-19,555.7,Apparel,Debit Card,0
ORD_248694,CUST_1038,2025-09-28,979.05,Home & Kitchen,Credit Card,0
ORD_609492,CUST_1038,2026-03-22,584.33,Electronics,Credit Card,1
ORD_378710,CUST_1039,2025-06-23,3225.36,Apparel,Credit Card,1
ORD_649523,CUST_1039,2025-11-07,1320.7,Apparel,COD,0
ORD_114743,CUST_1039,2026-05-01,1406.12,Beauty,UPI,1
ORD_541904,CUST_1040,2025-08-18,362.63,Electronics,Credit Card,1
ORD_937393,CUST_1040,2025-09-04,1550.2,Electronics,Debit Card,0
ORD_834983,CUST_1040,2026-07-30,824.12,Beauty,UPI,0
ORD_468266,CUST_1040,2025-09-29,869.98,Home & Kitchen,UPI,1
ORD_596043,CUST_1040,2025-09-08,3765.96,Home & Kitchen,UPI,0
ORD_599909,CUST_1040,2025-09-20,4330.85,Home & Kitchen,UPI,0
ORD_958286,CUST_1041,2025-06-23,640.01,Home & Kitchen,UPI,0
ORD_611511,CUST_1041,2026-05-30,408.2,Beauty,Debit Card,1
ORD_826728,CUST_1041,2025-06-21,1167.7,Home & Kitchen,COD,1
ORD_408112,CUST_1041,2025-09-09,1235.44,Beauty,COD,0
ORD_567835,CUST_1042,2025-06-13,1008.08,Books,COD,1
ORD_443567,CUST_1042,2025-10-15,1806.58,Home & Kitchen,Credit Card,1
ORD_806528,CUST_1042,2025-09-08,1898.94,Books,UPI,0
ORD_578356,CUST_1043,2025-06-28,2073.49,Electronics,COD,0
ORD_264074,CUST_1043,2026-01-13,1848.82,Electronics,Credit Card,1
ORD_549076,CUST_1043,2025-07-14,357.82,Apparel,Credit Card,0
ORD_873221,CUST_1043,2026-03-07,2932.7,Electronics,COD,1
ORD_357803,CUST_1044,2025-11-29,665.25,Books,Debit Card,1
ORD_756761,CUST_1044,2025-12-05,960.37,Electronics,COD,0
ORD_941675,CUST_1045,2026-03-10,1484.75,Apparel,Debit Card,0
ORD_348552,CUST_1045,2025-11-09,500.86,Books,UPI,1
ORD_811028,CUST_1046,2025-10-13,3371.11,Home & Kitchen,UPI,0
ORD_844199,CUST_1046,2026-01-11,1597.66,Books,Credit Card,0
ORD_276743,CUST_1046,2025-12-12,2057.51,Books,Credit Card,1
ORD_518184,CUST_1047,2025-09-27,2507.0,Beauty,Credit Card,1
ORD_161215,CUST_1047,2025-06-28,2450.39,Electronics,Debit Card,1
ORD_553830,CUST_1047,2026-05-28,3596.13,Electronics,Credit Card,0
ORD_296416,CUST_1048,2025-07-19,4617.42,Beauty,UPI,1
ORD_966792,CUST_1048,2025-11-21,296.33,Electronics,Credit Card,0
ORD_368083,CUST_1048,2026-05-27,1090.42,Electronics,Credit Card,0
ORD_537985,CUST_1048,2025-06-15,856.06,Apparel,UPI,1
ORD_353317,CUST_1048,2026-03-21,4160.45,Apparel,Credit Card,0
ORD_667815,CUST_1049,2026-08-02,3619.4,Beauty,UPI,0
ORD_565226,CUST_1049,2026-04-29,1323.73,Beauty,COD,1
ORD_336562,CUST_1050,2026-04-07,561.12,Apparel,Credit Card,0
ORD_297227,CUST_1050,2026-06-06,2175.84,Books,Credit Card,1
ORD_900554,CUST_1050,2026-01-31,4783.12,Apparel,Debit Card,0
ORD_501415,CUST_1050,2026-05-18,756.6,Electronics,Debit Card,1
ORD_538458,CUST_1050,2025-08-23,1448.91,Books,Credit Card,1
ORD_970820,CUST_1050,2025-08-13,2501.64,Beauty,COD,0
ORD_381854,CUST_1050,2025-11-18,270.73,Apparel,COD,0
ORD_579083,CUST_1051,2025-10-19,200.66,Beauty,UPI,0
ORD_512918,CUST_1051,2025-11-02,4846.55,Electronics,COD,0
ORD_546790,CUST_1051,2026-01-27,1713.61,Beauty,UPI,0
ORD_468226,CUST_1051,2025-09-21,1081.47,Apparel,Credit Card,1
ORD_742762,CUST_1052,2025-07-11,259.56,Apparel,UPI,0
ORD_405505,CUST_1052,2026-01-23,582.13,Beauty,UPI,1
ORD_496087,CUST_1052,2026-08-09,1036.62,Beauty,Credit Card,1
ORD_166668,CUST_1052,2025-12-05,1043.45,Apparel,COD,0
ORD_825453,CUST_1052,2025-10-10,2798.77,Beauty,Debit Card,0
ORD_594700,CUST_1052,2026-01-07,642.18,Home & Kitchen,COD,1
ORD_291387,CUST_1052,2026-04-20,724.85,Home & Kitchen,UPI,0
ORD_453646,CUST_1052,2026-03-07,2829.5,Books,COD,1
ORD_870326,CUST_1053,2026-05-31,257.44,Books,Credit Card,0
ORD_525468,CUST_1053,2026-02-04,294.94,Books,UPI,1
ORD_319526,CUST_1053,2025-09-11,744.04,Books,COD,0
ORD_138578,CUST_1053,2026-05-08,2160.36,Beauty,COD,0
ORD_982174,CUST_1053,2026-07-25,2231.59,Books,UPI,0
ORD_492573,CUST_1054,2026-06-14,11739.26,Beauty,Debit Card,0
ORD_236213,CUST_1054,2025-12-30,1372.87,Electronics,COD,0
ORD_372158,CUST_1054,2026-07-31,2053.3,Home & Kitchen,Credit Card,1
ORD_239784,CUST_1054,2025-10-17,1685.04,Electronics,UPI,1
ORD_884192,CUST_1055,2025-12-08,1266.63,Beauty,UPI,1
ORD_588535,CUST_1055,2025-12-11,1992.07,Home & Kitchen,Credit Card,1
ORD_165942,CUST_1055,2026-06-13,2158.35,Electronics,UPI,0
ORD_162021,CUST_1056,2026-02-17,1841.09,Books,Debit Card,0
ORD_229887,CUST_1057,2025-10-06,3755.85,Electronics,Debit Card,1
ORD_595010,CUST_1057,2025-08-17,2024.57,Apparel,UPI,0
ORD_713079,CUST_1057,2026-04-11,1242.99,Electronics,UPI,1
ORD_765938,CUST_1057,2025-12-10,754.06,Books,COD,1
ORD_420146,CUST_1057,2025-12-21,585.69,Home & Kitchen,Credit Card,1
ORD_746238,CUST_1057,2026-08-02,713.83,Home & Kitchen,UPI,1
ORD_923759,CUST_1058,2026-04-24,279.84,Electronics,COD,0
ORD_684010,CUST_1058,2026-06-24,853.02,Electronics,Credit Card,0
ORD_241880,CUST_1058,2026-07-17,977.6,Home & Kitchen,UPI,0
ORD_742927,CUST_1058,2025-06-19,1897.67,Home & Kitchen,Credit Card,0
ORD_501062,CUST_1058,2026-03-16,1739.72,Home & Kitchen,COD,1
ORD_676201,CUST_1059,2026-05-27,6095.95,Apparel,Credit Card,0
ORD_810672,CUST_1059,2026-04-18,5494.05,Books,COD,0
ORD_145833,CUST_1060,2025-09-06,1189.68,Apparel,COD,0
ORD_450373,CUST_1060,2025-06-22,433.13,Home & Kitchen,UPI,1
ORD_837242,CUST_1060,2025-07-11,344.88,Beauty,Debit Card,1
ORD_389134,CUST_1060,2026-04-18,666.74,Apparel,Credit Card,1
ORD_789870,CUST_1060,2026-03-10,1890.64,Electronics,COD,1
ORD_286633,CUST_1061,2026-04-05,4543.46,Home & Kitchen,COD,0
ORD_461719,CUST_1061,2026-03-05,1672.06,Electronics,UPI,0
ORD_160272,CUST_1061,2026-03-28,1511.74,Electronics,UPI,0
ORD_364064,CUST_1061,2025-10-16,963.83,Books,Credit Card,0
ORD_517567,CUST_1061,2026-02-17,5858.85,Electronics,Credit Card,0
ORD_816046,CUST_1062,2025-10-10,1054.81,Electronics,Debit Card,0
ORD_523159,CUST_1062,2026-05-14,1625.13,Electronics,UPI,0
ORD_896883,CUST_1062,2025-11-15,1791.95,Books,Debit Card,0
ORD_719955,CUST_1062,2025-07-17,244.92,Electronics,UPI,0
ORD_153053,CUST_1063,2026-04-10,1563.58,Apparel,Credit Card,1
ORD_585001,CUST_1063,2026-05-04,2652.83,Home & Kitchen,COD,1
ORD_377068,CUST_1063,2025-11-21,959.87,Electronics,Debit Card,1
ORD_582376,CUST_1064,2026-06-25,2612.05,Electronics,COD,0
ORD_453973,CUST_1064,2025-07-07,1847.0,Home & Kitchen,UPI,0
ORD_322542,CUST_1065,2025-08-31,1015.51,Home & Kitchen,Credit Card,0
ORD_188835,CUST_1065,2025-12-31,1247.64,Books,Debit Card,0
ORD_566755,CUST_1065,2025-12-24,694.92,Home & Kitchen,Credit Card,0
ORD_468760,CUST_1065,2026-06-20,4066.06,Books,COD,0
ORD_724624,CUST_1065,2025-12-19,4484.77,Apparel,Debit Card,1
ORD_102187,CUST_1066,2026-08-18,1078.61,Apparel,Debit Card,0
ORD_526044,CUST_1066,2026-04-15,319.6,Electronics,UPI,0
ORD_865791,CUST_1066,2026-06-24,793.44,Apparel,UPI,0
ORD_166197,CUST_1067,2026-07-30,3136.55,Apparel,Debit Card,1
ORD_622710,CUST_1067,2026-07-19,1067.61,Electronics,UPI,0
ORD_980214,CUST_1067,2025-10-19,2119.82,Beauty,Debit Card,0
ORD_809676,CUST_1067,2026-07-06,2224.23,Books,Credit Card,0
ORD_639243,CUST_1067,2025-06-18,728.14,Electronics,Credit Card,0
ORD_619163,CUST_1068,2025-09-23,577.24,Electronics,Credit Card,1
ORD_886086,CUST_1068,2026-02-02,619.03,Home & Kitchen,Credit Card,0
ORD_727099,CUST_1068,2025-10-30,1636.84,Books,UPI,0
ORD_498834,CUST_1069,2025-10-19,3266.42,Apparel,UPI,0
ORD_788332,CUST_1069,2025-07-18,1595.73,Books,UPI,0
ORD_869305,CUST_1069,2025-06-17,546.48,Books,Credit Card,1
ORD_261081,CUST_1069,2026-04-01,4737.5,Electronics,UPI,1
ORD_663370,CUST_1069,2025-06-25,1877.82,Home & Kitchen,Debit Card,1
ORD_912395,CUST_1070,2026-08-09,704.28,Books,Debit Card,1
ORD_218696,CUST_1070,2026-08-03,1193.47,Home & Kitchen,UPI,0
ORD_397016,CUST_1070,2026-01-18,223.44,Apparel,COD,0
ORD_151717,CUST_1070,2025-12-21,500.83,Beauty,Debit Card,0
ORD_635352,CUST_1070,2025-07-19,315.49,Apparel,UPI,1
ORD_626670,CUST_1070,2025-06-20,9007.78,Home & Kitchen,Credit Card,0
ORD_703986,CUST_1070,2025-06-03,847.38,Home & Kitchen,Debit Card,0
ORD_646298,CUST_1070,2025-07-30,2124.19,Apparel,Debit Card,1
ORD_320283,CUST_1072,2026-04-13,364.18,Electronics,COD,1
ORD_876505,CUST_1072,2026-05-23,1304.31,Apparel,COD,0
ORD_163972,CUST_1072,2025-12-28,1653.25,Books,Debit Card,0
ORD_388213,CUST_1073,2025-08-01,455.25,Apparel,UPI,1
ORD_919253,CUST_1073,2025-06-16,538.95,Home & Kitchen,UPI,0
ORD_395866,CUST_1073,2026-06-21,1029.69,Beauty,Credit Card,0
ORD_856942,CUST_1073,2026-05-02,320.14,Apparel,Credit Card,0
ORD_330233,CUST_1073,2026-03-06,1816.06,Electronics,COD,0
ORD_307352,CUST_1073,2026-01-25,1719.04,Home & Kitchen,Credit Card,0
ORD_787069,CUST_1073,2025-11-20,2822.34,Books,Credit Card,0
ORD_821818,CUST_1073,2026-05-22,2803.93,Apparel,Debit Card,1
ORD_628036,CUST_1074,2025-08-02,659.8,Books,UPI,1
ORD_564462,CUST_1074,2025-06-05,1691.54,Apparel,COD,0
ORD_690189,CUST_1074,2025-12-04,1282.94,Books,Debit Card,1
ORD_482865,CUST_1074,2026-02-13,2267.52,Electronics,Credit Card,1
ORD_921935,CUST_1074,2025-06-27,10408.63,Home & Kitchen,UPI,1
ORD_204927,CUST_1074,2025-07-31,3128.14,Books,Debit Card,0
ORD_390446,CUST_1074,2026-07-05,994.48,Electronics,Debit Card,0
ORD_357438,CUST_1075,2026-07-13,1666.22,Beauty,COD,0
ORD_791967,CUST_1075,2026-01-21,208.04,Home & Kitchen,COD,0
ORD_196393,CUST_1075,2026-05-05,1504.65,Books,UPI,1
ORD_766282,CUST_1075,2026-08-24,2043.41,Home & Kitchen,UPI,0
ORD_839538,CUST_1075,2026-05-09,4150.43,Apparel,Debit Card,1
ORD_849450,CUST_1076,2025-12-06,1884.91,Apparel,COD,1
ORD_618420,CUST_1076,2026-08-02,1240.8,Electronics,Debit Card,1
ORD_965256,CUST_1076,2025-11-29,682.97,Home & Kitchen,UPI,1
ORD_877475,CUST_1076,2025-12-10,496.5,Beauty,Credit Card,0
ORD_254542,CUST_1076,2025-12-26,2924.39,Apparel,COD,1
ORD_374336,CUST_1076,2026-06-10,482.09,Beauty,COD,1
ORD_343877,CUST_1076,2025-10-09,1728.45,Apparel,Credit Card,1
ORD_881163,CUST_1077,2026-07-29,1552.41,Beauty,COD,0
ORD_451193,CUST_1077,2026-07-19,3909.57,Beauty,COD,0
ORD_125517,CUST_1077,2026-04-14,1562.4,Books,Debit Card,1
ORD_617039,CUST_1077,2025-11-02,2205.83,Electronics,Debit Card,0
ORD_507931,CUST_1078,2026-01-17,1057.44,Beauty,UPI,1
ORD_303561,CUST_1078,2026-05-16,748.04,Home & Kitchen,Credit Card,0
ORD_528395,CUST_1078,2025-07-28,590.81,Beauty,Credit Card,0
ORD_735785,CUST_1078,2026-07-21,474.97,Books,COD,1
ORD_165149,CUST_1078,2026-03-23,382.29,Beauty,COD,0
ORD_452365,CUST_1078,2025-12-09,733.69,Beauty,Credit Card,0
ORD_347908,CUST_1079,2026-03-09,2683.41,Apparel,COD,0
ORD_773623,CUST_1079,2026-06-18,674.88,Apparel,Debit Card,0
ORD_253837,CUST_1080,2026-07-13,1667.24,Beauty,Credit Card,1
ORD_512736,CUST_1080,2026-02-02,6424.9,Apparel,UPI,1
ORD_876372,CUST_1080,2025-12-01,878.39,Books,UPI,0
ORD_416363,CUST_1080,2026-07-29,1836.87,Apparel,Debit Card,0
ORD_336500,CUST_1081,2025-08-21,1154.77,Electronics,Debit Card,0
ORD_217797,CUST_1081,2025-12-28,1809.78,Electronics,Debit Card,1
ORD_897583,CUST_1081,2026-08-13,1998.63,Home & Kitchen,UPI,0
ORD_658988,CUST_1081,2026-05-31,4737.58,Books,Credit Card,0
ORD_298303,CUST_1082,2025-12-04,428.37,Beauty,UPI,0
ORD_975931,CUST_1082,2025-10-09,502.88,Apparel,COD,0
ORD_623260,CUST_1082,2026-07-27,5456.17,Electronics,Credit Card,0
ORD_636162,CUST_1082,2026-06-29,886.85,Home & Kitchen,COD,0
ORD_744894,CUST_1082,2026-05-15,2583.91,Beauty,UPI,0
ORD_304720,CUST_1083,2026-03-03,908.68,Electronics,Credit Card,0
ORD_693792,CUST_1083,2026-07-04,533.79,Apparel,COD,1
ORD_186124,CUST_1083,2026-03-06,716.83,Home & Kitchen,Credit Card,1
ORD_547244,CUST_1083,2026-07-28,209.68,Beauty,UPI,1
ORD_182806,CUST_1083,2025-06-02,2343.33,Electronics,Credit Card,1
ORD_794879,CUST_1083,2026-01-07,2047.13,Apparel,UPI,1
ORD_575278,CUST_1084,2025-12-18,1147.6,Beauty,Debit Card,0
ORD_536607,CUST_1084,2025-11-27,689.57,Electronics,COD,1
ORD_359438,CUST_1084,2025-06-01,2584.51,Home & Kitchen,Credit Card,0
ORD_851722,CUST_1085,2026-01-18,534.42,Home & Kitchen,Debit Card,0
ORD_737790,CUST_1085,2026-02-28,555.07,Apparel,UPI,1
ORD_550983,CUST_1085,2026-07-12,4133.26,Apparel,Credit Card,0
ORD_952159,CUST_1085,2026-04-06,337.43,Electronics,Debit Card,0
ORD_254455,CUST_1085,2026-04-01,805.66,Apparel,Debit Card,0
ORD_666118,CUST_1085,2025-11-03,1564.32,Home & Kitchen,COD,0
ORD_326256,CUST_1086,2025-09-13,839.01,Beauty,Credit Card,1
ORD_327579,CUST_1086,2026-05-21,430.17,Home & Kitchen,COD,0
ORD_636785,CUST_1086,2026-03-31,2898.83,Beauty,COD,1
ORD_860177,CUST_1086,2026-06-23,531.89,Home & Kitchen,UPI,0
ORD_837463,CUST_1086,2025-08-15,678.14,Books,UPI,1
ORD_892130,CUST_1086,2026-02-05,207.56,Apparel,UPI,1
ORD_984671,CUST_1086,2026-05-26,1493.74,Home & Kitchen,COD,1
ORD_292971,CUST_1087,2025-09-13,1833.84,Apparel,Debit Card,0
ORD_380926,CUST_1087,2026-08-08,3588.75,Beauty,Debit Card,0
ORD_177525,CUST_1088,2026-08-20,1197.77,Beauty,Credit Card,1
ORD_927385,CUST_1088,2026-02-05,421.17,Electronics,UPI,0
ORD_378404,CUST_1088,2025-08-09,3690.52,Beauty,Debit Card,0
ORD_607994,CUST_1088,2025-06-18,367.83,Home & Kitchen,Credit Card,0
ORD_929378,CUST_1088,2025-07-10,965.04,Electronics,COD,0
ORD_527244,CUST_1089,2026-05-24,562.53,Electronics,Debit Card,0
ORD_517216,CUST_1089,2026-05-26,249.47,Home & Kitchen,COD,0
ORD_366150,CUST_1089,2025-08-29,2537.35,Books,UPI,1
ORD_824857,CUST_1089,2025-09-02,650.99,Apparel,UPI,0
ORD_194881,CUST_1089,2026-02-02,384.44,Electronics,COD,0
ORD_279689,CUST_1090,2025-11-29,3620.41,Electronics,Credit Card,0
ORD_147111,CUST_1090,2025-12-07,2657.64,Electronics,Credit Card,0
ORD_608069,CUST_1090,2026-05-03,865.53,Books,Credit Card,0
ORD_808092,CUST_1091,2026-03-10,2481.49,Books,COD,1
ORD_768629,CUST_1091,2025-07-28,1927.39,Electronics,Credit Card,0
ORD_759981,CUST_1092,2025-06-13,580.37,Beauty,Debit Card,0
ORD_678110,CUST_1092,2026-01-25,1826.08,Electronics,Debit Card,0
ORD_642307,CUST_1092,2025-11-10,974.28,Beauty,COD,0
ORD_909340,CUST_1092,2025-10-23,3642.82,Apparel,UPI,0
ORD_222019,CUST_1092,2025-10-19,1337.84,Books,COD,0
ORD_196143,CUST_1093,2025-12-07,454.91,Apparel,COD,0
ORD_760673,CUST_1093,2026-03-14,350.94,Home & Kitchen,Debit Card,1
ORD_924516,CUST_1094,2026-06-08,1039.13,Beauty,Credit Card,1
ORD_941900,CUST_1094,2025-10-29,2884.01,Apparel,UPI,0
ORD_676515,CUST_1094,2025-09-01,3898.73,Apparel,Credit Card,0
ORD_564761,CUST_1094,2025-09-04,681.1,Apparel,COD,0
ORD_434199,CUST_1094,2026-06-14,1429.45,Apparel,Debit Card,1
ORD_795391,CUST_1094,2026-06-23,788.11,Electronics,UPI,0
ORD_159807,CUST_1094,2025-12-31,2775.76,Home & Kitchen,Credit Card,0
ORD_839477,CUST_1094,2026-06-03,1648.79,Books,Debit Card,1
ORD_518632,CUST_1095,2026-03-06,301.92,Books,Debit Card,0
ORD_397843,CUST_1095,2026-02-11,3932.33,Electronics,COD,0
ORD_856079,CUST_1095,2025-06-25,2593.38,Apparel,UPI,1
ORD_735254,CUST_1095,2025-10-05,225.1,Home & Kitchen,COD,0
ORD_412916,CUST_1096,2026-07-10,4642.04,Electronics,COD,0
ORD_780913,CUST_1097,2025-07-24,560.62,Electronics,Debit Card,0
ORD_409509,CUST_1098,2026-08-15,2522.32,Apparel,COD,0
ORD_607353,CUST_1099,2026-04-11,1349.76,Beauty,COD,0
ORD_576963,CUST_1100,2025-06-08,4197.45,Beauty,COD,0
ORD_456427,CUST_1100,2025-09-09,330.83,Apparel,Debit Card,0
ORD_899180,CUST_1101,2025-09-14,550.91,Books,Debit Card,1
ORD_321468,CUST_1101,2025-10-26,2185.85,Beauty,Credit Card,0
ORD_141743,CUST_1101,2025-10-24,287.53,Beauty,Credit Card,0
ORD_710774,CUST_1101,2025-07-04,522.46,Books,COD,1
ORD_188302,CUST_1102,2026-05-01,2823.61,Electronics,COD,1
ORD_183793,CUST_1102,2025-06-05,454.97,Home & Kitchen,UPI,0
ORD_216547,CUST_1102,2026-03-27,327.08,Apparel,UPI,0
ORD_700198,CUST_1102,2025-08-07,5876.76,Home & Kitchen,UPI,0
ORD_507974,CUST_1103,2026-01-31,1042.19,Electronics,Debit Card,0
ORD_807910,CUST_1103,2026-07-15,1312.25,Beauty,Debit Card,0
ORD_292458,CUST_1103,2026-05-14,525.39,Beauty,UPI,1
ORD_515105,CUST_1103,2025-09-14,3209.98,Beauty,Debit Card,0
ORD_734151,CUST_1103,2026-04-02,1880.55,Books,Debit Card,0
ORD_840122,CUST_1103,2026-06-04,4521.69,Electronics,COD,0
ORD_639317,CUST_1103,2025-06-30,912.47,Beauty,UPI,0
ORD_956841,CUST_1103,2026-08-18,4498.69,Electronics,UPI,1
ORD_421898,CUST_1104,2026-03-10,2187.24,Apparel,COD,0
ORD_738273,CUST_1104,2025-06-12,805.14,Beauty,Credit Card,0
ORD_339455,CUST_1104,2026-01-12,2967.89,Beauty,Credit Card,0
ORD_312603,CUST_1104,2025-11-11,487.92,Home & Kitchen,Credit Card,1
ORD_247735,CUST_1105,2026-07-10,307.88,Books,Credit Card,0
ORD_776513,CUST_1105,2025-10-06,3181.76,Beauty,UPI,0
ORD_442221,CUST_1105,2025-10-05,1995.16,Beauty,COD,1
ORD_493120,CUST_1105,2026-08-03,1907.43,Apparel,Credit Card,0
ORD_659070,CUST_1107,2025-12-23,2157.23,Electronics,UPI,1
ORD_839644,CUST_1107,2025-12-16,402.48,Beauty,UPI,1
ORD_893070,CUST_1107,2025-07-14,1773.83,Books,Debit Card,0
ORD_870663,CUST_1107,2026-02-11,2469.97,Home & Kitchen,UPI,0
ORD_489919,CUST_1108,2026-07-29,3572.21,Beauty,Debit Card,1
ORD_673212,CUST_1108,2026-04-22,2709.03,Apparel,UPI,1
ORD_708986,CUST_1108,2025-08-28,941.2,Electronics,COD,0
ORD_692399,CUST_1109,2025-09-07,3529.0,Home & Kitchen,UPI,0
ORD_713812,CUST_1109,2025-09-19,774.76,Apparel,UPI,1
ORD_169639,CUST_1109,2025-06-29,1979.46,Electronics,Debit Card,1
ORD_586084,CUST_1109,2026-05-30,1973.43,Books,COD,1
ORD_604917,CUST_1110,2025-07-22,1216.07,Books,Credit Card,0
ORD_972391,CUST_1110,2025-12-17,5164.84,Home & Kitchen,Credit Card,0
ORD_156396,CUST_1110,2026-07-17,2414.41,Home & Kitchen,COD,0
ORD_694699,CUST_1110,2025-12-24,1379.03,Home & Kitchen,Credit Card,0
ORD_836778,CUST_1110,2026-03-21,1311.03,Home & Kitchen,COD,0
ORD_446030,CUST_1111,2026-06-11,316.36,Books,COD,0
ORD_435513,CUST_1111,2026-05-24,1419.47,Home & Kitchen,Debit Card,1
ORD_882381,CUST_1111,2026-04-05,769.2,Electronics,UPI,1
ORD_972565,CUST_1111,2025-07-24,803.75,Beauty,Debit Card,1
ORD_442022,CUST_1111,2026-06-01,750.61,Beauty,Credit Card,0
ORD_258477,CUST_1112,2026-04-30,294.58,Beauty,UPI,0
ORD_642445,CUST_1112,2026-07-19,4446.55,Books,Debit Card,0
ORD_232018,CUST_1112,2026-05-24,934.76,Books,COD,0
ORD_817221,CUST_1112,2026-04-16,2720.78,Apparel,Debit Card,1
ORD_656016,CUST_1112,2025-11-16,498.62,Electronics,Debit Card,0
ORD_635857,CUST_1112,2026-01-16,3239.36,Electronics,UPI,0
ORD_960661,CUST_1113,2026-01-04,562.95,Apparel,UPI,0
ORD_197799,CUST_1113,2026-02-08,640.07,Beauty,Credit Card,0
ORD_560188,CUST_1114,2025-06-16,1425.86,Home & Kitchen,Debit Card,0
ORD_710724,CUST_1114,2025-06-17,1312.45,Apparel,COD,0
ORD_398627,CUST_1114,2025-06-30,325.38,Home & Kitchen,Credit Card,1
ORD_750988,CUST_1115,2026-06-25,2120.56,Home & Kitchen,UPI,0
ORD_239005,CUST_1115,2026-05-23,215.82,Apparel,UPI,0
ORD_257195,CUST_1115,2025-09-26,1643.23,Electronics,Credit Card,0
ORD_863638,CUST_1115,2025-06-29,693.45,Books,Debit Card,1
ORD_892038,CUST_1115,2026-06-08,385.73,Apparel,Debit Card,0
ORD_542065,CUST_1115,2026-01-22,2292.27,Apparel,UPI,1
ORD_389987,CUST_1116,2026-06-04,1250.4,Apparel,COD,1
ORD_322633,CUST_1116,2025-06-25,1084.23,Books,Debit Card,0
ORD_374864,CUST_1117,2026-02-20,231.87,Books,Debit Card,1
ORD_791252,CUST_1117,2026-08-17,585.77,Apparel,Debit Card,1
ORD_675610,CUST_1117,2026-06-02,431.41,Apparel,COD,0
ORD_399182,CUST_1118,2026-06-23,211.04,Home & Kitchen,UPI,0
ORD_897711,CUST_1118,2026-04-29,8027.04,Electronics,COD,0
ORD_165524,CUST_1118,2026-04-23,354.72,Apparel,UPI,1
ORD_376452,CUST_1118,2026-08-02,269.99,Home & Kitchen,COD,1
ORD_742416,CUST_1118,2026-04-02,479.29,Electronics,COD,0
ORD_130063,CUST_1118,2026-04-30,623.24,Electronics,Debit Card,1
ORD_259163,CUST_1119,2026-04-15,1864.97,Home & Kitchen,COD,0
ORD_710414,CUST_1119,2025-10-15,1005.35,Beauty,COD,0
ORD_444877,CUST_1119,2026-02-04,355.42,Home & Kitchen,Credit Card,0
ORD_704111,CUST_1119,2026-03-07,768.3,Books,UPI,0
ORD_931635,CUST_1119,2025-09-26,1641.65,Apparel,Credit Card,0
ORD_357134,CUST_1120,2026-02-04,1763.88,Home & Kitchen,Debit Card,0
ORD_270521,CUST_1120,2026-01-24,5090.16,Books,COD,0
ORD_538976,CUST_1120,2025-07-21,2218.78,Home & Kitchen,Credit Card,1
ORD_414493,CUST_1121,2025-11-24,4926.72,Home & Kitchen,Credit Card,1
ORD_838471,CUST_1121,2025-08-19,1889.41,Beauty,Credit Card,0
ORD_800399,CUST_1121,2026-07-24,956.27,Beauty,Debit Card,1
ORD_988916,CUST_1121,2026-03-09,3763.41,Electronics,UPI,0
ORD_231562,CUST_1122,2025-10-24,1485.6,Electronics,UPI,0
ORD_121398,CUST_1122,2026-05-13,1466.96,Apparel,COD,1
ORD_325959,CUST_1122,2026-08-09,857.37,Apparel,COD,0
ORD_856357,CUST_1122,2026-05-13,1980.93,Books,UPI,1
ORD_762132,CUST_1123,2025-08-31,1571.81,Electronics,Credit Card,0
ORD_601233,CUST_1123,2026-03-24,1228.48,Electronics,UPI,1
ORD_187980,CUST_1123,2025-08-14,1518.59,Home & Kitchen,Debit Card,0
ORD_576384,CUST_1123,2025-10-30,247.13,Electronics,COD,0
ORD_497819,CUST_1124,2025-10-04,1490.99,Electronics,COD,0
ORD_540210,CUST_1124,2026-07-12,1042.32,Home & Kitchen,UPI,0
ORD_620082,CUST_1124,2026-07-23,499.82,Apparel,Credit Card,0
ORD_835518,CUST_1125,2025-06-10,1294.96,Beauty,Credit Card,0
ORD_814483,CUST_1125,2026-06-16,2705.9,Beauty,Debit Card,1
ORD_995596,CUST_1125,2025-10-15,721.22,Electronics,COD,0
ORD_237080,CUST_1125,2026-04-04,2041.45,Books,COD,1
ORD_435468,CUST_1126,2026-04-26,550.55,Electronics,COD,1
ORD_800606,CUST_1126,2026-06-01,288.22,Books,Debit Card,0
ORD_124648,CUST_1127,2026-04-04,1276.82,Beauty,Debit Card,1
ORD_290271,CUST_1127,2026-05-07,4289.56,Apparel,Debit Card,1
ORD_117118,CUST_1127,2025-08-28,447.11,Beauty,COD,0
ORD_465036,CUST_1127,2025-10-08,5237.62,Apparel,Debit Card,1
ORD_246259,CUST_1128,2025-12-09,1716.18,Home & Kitchen,COD,0
ORD_723982,CUST_1128,2026-04-14,2494.47,Electronics,COD,1
ORD_101515,CUST_1128,2026-08-13,2373.49,Electronics,Debit Card,1
ORD_485134,CUST_1129,2026-01-18,2710.09,Apparel,COD,0
ORD_319730,CUST_1129,2025-07-12,1384.23,Books,UPI,1
ORD_250653,CUST_1130,2026-07-14,282.91,Home & Kitchen,Credit Card,0
ORD_696861,CUST_1130,2026-03-11,2632.24,Books,Credit Card,0
ORD_215375,CUST_1130,2025-06-21,1921.64,Home & Kitchen,COD,1
ORD_676623,CUST_1130,2026-01-10,2493.28,Electronics,UPI,1
ORD_872378,CUST_1131,2025-06-01,1167.9,Beauty,Debit Card,0
ORD_170474,CUST_1131,2026-03-25,1394.13,Apparel,Debit Card,1
ORD_646792,CUST_1131,2025-12-04,1590.7,Home & Kitchen,COD,1
ORD_597666,CUST_1131,2026-06-07,4274.11,Home & Kitchen,COD,0
ORD_396303,CUST_1131,2026-02-08,4030.27,Electronics,COD,1
ORD_901818,CUST_1132,2026-02-26,3176.16,Home & Kitchen,Credit Card,1
ORD_859144,CUST_1132,2026-05-20,2440.85,Books,COD,1
ORD_691731,CUST_1132,2026-01-27,575.61,Apparel,Credit Card,0
ORD_921190,CUST_1133,2026-07-20,394.97,Electronics,Credit Card,0
ORD_214010,CUST_1133,2026-04-06,1163.7,Books,Credit Card,1
ORD_162287,CUST_1134,2026-08-16,270.74,Beauty,UPI,1
ORD_207357,CUST_1134,2026-06-25,760.02,Electronics,UPI,0
ORD_868447,CUST_1134,2025-06-16,908.41,Books,COD,0
ORD_166985,CUST_1134,2025-12-02,367.08,Home & Kitchen,COD,0
ORD_714101,CUST_1134,2026-03-05,2790.88,Books,Credit Card,1
ORD_753841,CUST_1134,2026-04-23,4163.56,Electronics,UPI,0
ORD_897955,CUST_1134,2025-10-03,843.48,Home & Kitchen,Debit Card,1
ORD_914661,CUST_1135,2026-04-14,597.37,Apparel,Credit Card,0
ORD_753936,CUST_1135,2025-06-13,326.97,Books,UPI,0
ORD_334337,CUST_1136,2026-04-10,257.64,Apparel,Credit Card,0
ORD_737509,CUST_1136,2025-12-10,3463.96,Electronics,COD,1
ORD_414260,CUST_1136,2026-04-30,3135.96,Beauty,Credit Card,0
ORD_192850,CUST_1136,2025-12-15,817.22,Home & Kitchen,Credit Card,1
ORD_858741,CUST_1137,2026-04-15,295.09,Beauty,Debit Card,0
ORD_834172,CUST_1137,2025-06-22,5891.11,Books,Debit Card,0
ORD_577793,CUST_1137,2026-08-23,4799.32,Apparel,Debit Card,1
ORD_126081,CUST_1138,2026-03-18,2346.22,Electronics,COD,1
ORD_135525,CUST_1138,2026-07-26,482.89,Electronics,Debit Card,1
ORD_470191,CUST_1138,2026-06-14,3085.64,Apparel,COD,0
ORD_204127,CUST_1138,2025-11-18,221.73,Home & Kitchen,Debit Card,1
ORD_119782,CUST_1138,2025-09-16,711.56,Books,COD,1
ORD_703151,CUST_1138,2026-04-23,1545.55,Apparel,Credit Card,0
ORD_660185,CUST_1139,2025-12-15,2563.49,Books,UPI,0
ORD_367673,CUST_1139,2026-06-26,653.52,Home & Kitchen,Credit Card,1
ORD_673987,CUST_1139,2025-09-17,3075.23,Home & Kitchen,UPI,1
ORD_213793,CUST_1139,2025-07-25,2850.46,Books,Credit Card,1
ORD_737506,CUST_1139,2026-05-09,1704.67,Electronics,UPI,0
ORD_765673,CUST_1140,2025-09-23,606.7,Apparel,Debit Card,1
ORD_595671,CUST_1140,2025-12-25,1986.49,Home & Kitchen,COD,0
ORD_300173,CUST_1140,2025-12-04,2621.21,Apparel,Debit Card,0
ORD_697190,CUST_1140,2025-06-13,829.95,Beauty,Credit Card,0
ORD_539257,CUST_1140,2025-12-20,286.03,Books,COD,0
ORD_480069,CUST_1140,2025-07-11,326.02,Electronics,UPI,0
ORD_301528,CUST_1140,2025-10-08,959.43,Beauty,Credit Card,1
ORD_381411,CUST_1140,2026-05-03,377.31,Apparel,COD,0
ORD_512601,CUST_1140,2025-12-20,612.09,Apparel,Debit Card,0
ORD_714985,CUST_1140,2026-05-31,3338.65,Apparel,COD,0
ORD_133324,CUST_1140,2025-08-21,537.09,Electronics,UPI,0
ORD_779249,CUST_1140,2026-07-09,1512.46,Home & Kitchen,COD,0
ORD_493369,CUST_1141,2025-11-21,5087.62,Apparel,COD,0
ORD_475233,CUST_1141,2026-03-25,1409.67,Beauty,UPI,0
ORD_873815,CUST_1141,2026-04-15,2137.08,Electronics,Debit Card,1
ORD_841063,CUST_1141,2026-04-04,2550.17,Beauty,COD,0
ORD_942549,CUST_1141,2026-04-14,1085.77,Electronics,Credit Card,0
ORD_315705,CUST_1142,2025-08-29,1561.12,Electronics,Credit Card,0
ORD_575859,CUST_1142,2025-08-02,368.28,Beauty,UPI,0
ORD_593057,CUST_1142,2026-07-03,2656.77,Electronics,COD,1
ORD_115116,CUST_1142,2025-08-17,635.88,Apparel,COD,0
ORD_827963,CUST_1142,2026-03-31,201.42,Apparel,Credit Card,1
ORD_813806,CUST_1142,2025-12-22,1832.89,Beauty,Credit Card,0
ORD_875359,CUST_1143,2026-05-22,390.7,Beauty,COD,1
ORD_720253,CUST_1143,2026-06-08,950.41,Home & Kitchen,Credit Card,0
ORD_475348,CUST_1143,2025-09-15,332.04,Home & Kitchen,UPI,0
ORD_833375,CUST_1143,2026-06-22,471.38,Books,UPI,0
ORD_814114,CUST_1143,2025-09-01,706.3,Apparel,UPI,1
ORD_551448,CUST_1143,2026-02-22,2027.79,Apparel,COD,1
ORD_596246,CUST_1143,2025-06-14,661.99,Apparel,COD,0
ORD_896790,CUST_1143,2026-01-24,1339.64,Apparel,Credit Card,0
ORD_225865,CUST_1144,2026-07-02,2043.56,Books,Credit Card,1
ORD_815601,CUST_1144,2025-12-14,398.77,Beauty,UPI,1
ORD_919973,CUST_1144,2026-06-27,797.11,Home & Kitchen,Debit Card,0
ORD_298153,CUST_1145,2025-12-29,646.56,Beauty,UPI,0
ORD_503708,CUST_1145,2025-06-14,3106.92,Apparel,UPI,1
ORD_642955,CUST_1145,2026-04-02,308.4,Beauty,COD,0
ORD_533541,CUST_1146,2025-10-23,1665.33,Home & Kitchen,Credit Card,1
ORD_566836,CUST_1146,2026-02-03,496.94,Electronics,Credit Card,0
ORD_289216,CUST_1146,2026-08-17,2491.79,Beauty,UPI,0
ORD_994923,CUST_1146,2026-03-31,381.96,Apparel,Credit Card,1
ORD_376393,CUST_1146,2025-07-02,6159.38,Electronics,Debit Card,1
ORD_990936,CUST_1146,2025-11-27,1029.96,Books,Debit Card,0
ORD_546242,CUST_1147,2026-08-09,1492.75,Apparel,Credit Card,0
ORD_237799,CUST_1147,2026-06-16,3441.73,Books,Credit Card,0
ORD_534352,CUST_1147,2025-10-17,3243.77,Apparel,COD,0
ORD_858284,CUST_1147,2026-03-23,1292.26,Apparel,Debit Card,1
ORD_449903,CUST_1148,2026-04-17,350.79,Apparel,UPI,0
ORD_261297,CUST_1148,2025-07-27,1388.87,Apparel,Credit Card,0
ORD_365470,CUST_1149,2025-08-15,3750.42,Beauty,COD,0
ORD_409732,CUST_1149,2026-02-13,215.91,Apparel,Credit Card,0
ORD_695983,CUST_1149,2025-10-29,1507.41,Beauty,UPI,0
ORD_678921,CUST_1150,2026-02-03,3792.49,Beauty,COD,0
ORD_988559,CUST_1150,2026-01-14,2318.66,Electronics,COD,0
ORD_816825,CUST_1150,2026-08-19,261.75,Books,UPI,0
ORD_139148,CUST_1150,2026-01-05,3018.62,Books,Debit Card,1
ORD_395901,CUST_1150,2025-12-06,6582.16,Books,Credit Card,0
ORD_717397,CUST_1151,2026-01-30,936.47,Home & Kitchen,UPI,1
ORD_803713,CUST_1151,2026-04-29,1083.92,Books,COD,1
ORD_565994,CUST_1151,2025-07-12,1039.61,Books,UPI,0
ORD_213768,CUST_1151,2025-12-17,4058.93,Home & Kitchen,Credit Card,0
ORD_610473,CUST_1152,2026-07-01,4836.84,Apparel,COD,1
ORD_336824,CUST_1152,2026-01-01,910.3,Beauty,UPI,0
ORD_739548,CUST_1152,2026-04-05,498.88,Home & Kitchen,Credit Card,0
ORD_565483,CUST_1153,2025-09-24,734.86,Apparel,UPI,0
ORD_361849,CUST_1153,2026-02-28,966.2,Home & Kitchen,COD,0
ORD_383817,CUST_1153,2026-02-01,446.86,Electronics,Credit Card,1
ORD_723765,CUST_1153,2025-10-10,2011.46,Electronics,COD,0
ORD_223777,CUST_1153,2025-07-19,1965.12,Home & Kitchen,Debit Card,0
ORD_177527,CUST_1153,2025-11-24,2094.85,Electronics,Debit Card,1
ORD_387307,CUST_1154,2026-04-07,246.33,Beauty,Debit Card,1
ORD_140633,CUST_1154,2026-05-09,458.76,Beauty,Debit Card,1
ORD_540847,CUST_1154,2025-11-12,970.49,Electronics,Credit Card,1
ORD_952370,CUST_1154,2026-07-19,1632.02,Beauty,COD,1
ORD_599730,CUST_1154,2026-05-31,537.35,Electronics,COD,0
ORD_615578,CUST_1154,2025-07-04,2776.74,Apparel,COD,0
ORD_996972,CUST_1154,2026-01-17,3526.54,Apparel,Credit Card,1
ORD_396379,CUST_1154,2025-10-06,277.22,Electronics,COD,1
ORD_791257,CUST_1155,2025-12-02,513.85,Beauty,UPI,1
ORD_222026,CUST_1155,2025-08-02,714.27,Apparel,UPI,0
ORD_662167,CUST_1155,2025-09-05,1460.5,Home & Kitchen,UPI,1
ORD_488333,CUST_1156,2026-06-07,1104.48,Electronics,COD,0
ORD_445876,CUST_1156,2025-06-18,788.07,Electronics,UPI,1
ORD_173568,CUST_1156,2025-12-10,1528.74,Apparel,UPI,0
ORD_280775,CUST_1156,2026-04-19,2164.01,Books,Credit Card,0
ORD_597619,CUST_1156,2026-08-10,383.87,Apparel,UPI,0
ORD_646774,CUST_1156,2025-12-15,811.68,Books,UPI,1
ORD_327369,CUST_1158,2026-04-11,1356.79,Electronics,Debit Card,0
ORD_555229,CUST_1158,2025-09-08,2271.65,Books,Debit Card,1
ORD_240021,CUST_1158,2026-02-06,605.19,Beauty,COD,0
ORD_318168,CUST_1159,2025-12-28,1617.58,Electronics,Credit Card,1
ORD_324866,CUST_1159,2026-03-06,928.02,Beauty,UPI,1
ORD_281143,CUST_1159,2025-12-05,2569.92,Home & Kitchen,Debit Card,0
ORD_820531,CUST_1159,2026-04-17,511.47,Books,UPI,0
ORD_331226,CUST_1159,2025-09-04,1767.45,Beauty,Credit Card,0
ORD_837197,CUST_1159,2026-07-21,1470.14,Apparel,Debit Card,0
ORD_592508,CUST_1159,2025-08-21,3237.2,Apparel,Debit Card,0
ORD_762727,CUST_1160,2026-02-10,1572.93,Apparel,UPI,0
ORD_880445,CUST_1160,2025-06-04,2925.15,Electronics,COD,0
ORD_840045,CUST_1160,2025-10-28,665.45,Beauty,UPI,0
ORD_974168,CUST_1161,2026-05-17,1213.02,Books,COD,0
ORD_715781,CUST_1161,2026-06-15,5727.59,Apparel,Credit Card,0
ORD_591638,CUST_1162,2025-11-09,299.36,Books,Credit Card,0
ORD_763969,CUST_1162,2025-07-14,1943.24,Apparel,UPI,0
ORD_351842,CUST_1162,2025-06-03,415.42,Apparel,Debit Card,0
ORD_610283,CUST_1162,2025-09-01,841.16,Books,COD,1
ORD_861062,CUST_1162,2025-08-27,609.19,Home & Kitchen,UPI,1
ORD_390696,CUST_1162,2026-01-05,1267.38,Books,COD,1
ORD_385291,CUST_1163,2026-03-23,343.92,Books,Debit Card,1
ORD_113731,CUST_1163,2026-01-18,596.74,Electronics,UPI,1
ORD_656620,CUST_1163,2025-11-27,583.96,Beauty,Debit Card,1
ORD_495797,CUST_1163,2026-06-02,421.1,Home & Kitchen,Debit Card,1
ORD_184363,CUST_1163,2026-01-02,3807.65,Books,UPI,0
ORD_629954,CUST_1164,2026-02-14,653.1,Apparel,Debit Card,1
ORD_462612,CUST_1164,2025-12-01,1387.4,Beauty,Credit Card,0
ORD_926954,CUST_1164,2026-01-23,1215.92,Apparel,Credit Card,0
ORD_667827,CUST_1164,2026-08-15,281.24,Electronics,COD,0
ORD_148784,CUST_1164,2025-07-15,3234.05,Books,Debit Card,0
ORD_817875,CUST_1165,2026-03-16,1119.74,Books,Debit Card,1
ORD_371733,CUST_1165,2026-06-08,3216.93,Home & Kitchen,Debit Card,0
ORD_596297,CUST_1165,2025-10-01,1964.75,Apparel,Debit Card,0
ORD_379349,CUST_1165,2026-05-24,435.89,Beauty,Credit Card,0
ORD_332911,CUST_1165,2026-04-11,3823.04,Beauty,UPI,0
ORD_577843,CUST_1165,2026-03-07,1745.47,Apparel,UPI,0
ORD_307397,CUST_1166,2026-01-12,5434.6,Apparel,COD,0
ORD_445992,CUST_1166,2025-08-03,682.58,Books,Credit Card,0
ORD_769113,CUST_1167,2025-12-20,2138.26,Books,Debit Card,1
ORD_168653,CUST_1167,2025-08-05,301.26,Home & Kitchen,Debit Card,1
ORD_638304,CUST_1167,2026-08-21,406.05,Beauty,Debit Card,1
ORD_467658,CUST_1167,2025-08-23,261.15,Home & Kitchen,Credit Card,1
ORD_688033,CUST_1168,2026-07-23,1149.56,Books,Debit Card,1
ORD_656107,CUST_1168,2025-11-11,1317.67,Electronics,Debit Card,1
ORD_246692,CUST_1169,2026-02-09,1849.13,Electronics,COD,0
ORD_387667,CUST_1169,2025-07-17,3522.3,Home & Kitchen,UPI,1
ORD_143162,CUST_1169,2025-11-13,1242.84,Home & Kitchen,Credit Card,1
ORD_818730,CUST_1169,2026-02-19,1086.29,Books,COD,1
ORD_937566,CUST_1169,2026-05-07,2340.89,Beauty,COD,1
ORD_339646,CUST_1169,2026-02-04,1323.15,Electronics,Debit Card,1
ORD_590588,CUST_1170,2026-05-02,1318.07,Books,UPI,0
ORD_627608,CUST_1170,2025-08-30,680.75,Apparel,UPI,1
ORD_794186,CUST_1170,2026-01-06,2086.17,Books,UPI,1
ORD_993993,CUST_1170,2025-11-11,700.69,Apparel,Credit Card,0
ORD_983784,CUST_1170,2026-06-08,1650.38,Apparel,Credit Card,0
ORD_879957,CUST_1170,2025-10-03,2713.78,Books,Credit Card,1
ORD_109583,CUST_1171,2025-12-29,1734.34,Electronics,Debit Card,1
ORD_440716,CUST_1171,2025-09-13,473.19,Home & Kitchen,COD,0
ORD_271929,CUST_1171,2026-04-29,556.84,Apparel,Debit Card,1
ORD_593027,CUST_1171,2025-06-16,2301.93,Home & Kitchen,Credit Card,1
ORD_953262,CUST_1171,2026-02-04,847.97,Electronics,Debit Card,0
ORD_289921,CUST_1172,2025-09-11,3748.89,Apparel,Debit Card,1
ORD_277190,CUST_1172,2026-02-14,649.55,Electronics,Credit Card,0
ORD_247631,CUST_1172,2025-08-18,545.29,Beauty,COD,0
ORD_396952,CUST_1173,2026-08-13,365.83,Apparel,Debit Card,1
ORD_212255,CUST_1173,2026-04-03,409.45,Home & Kitchen,UPI,0
ORD_950100,CUST_1173,2026-05-22,473.81,Beauty,COD,1
ORD_360529,CUST_1173,2025-11-16,883.32,Apparel,UPI,0
ORD_907733,CUST_1174,2025-08-29,1112.01,Beauty,Debit Card,0
ORD_550400,CUST_1175,2025-09-07,584.81,Apparel,Debit Card,1
ORD_625825,CUST_1175,2026-01-29,579.66,Home & Kitchen,UPI,1
ORD_547875,CUST_1175,2025-10-18,1207.78,Beauty,Debit Card,0
ORD_486480,CUST_1176,2026-07-22,1163.9,Apparel,UPI,0
ORD_273084,CUST_1176,2026-06-16,466.11,Electronics,Debit Card,0
ORD_543049,CUST_1176,2025-11-04,1911.78,Beauty,Credit Card,0
ORD_530000,CUST_1176,2025-11-19,3626.33,Home & Kitchen,Credit Card,1
ORD_129545,CUST_1177,2025-12-27,3855.98,Beauty,Credit Card,0
ORD_426968,CUST_1177,2025-12-13,1000.9,Electronics,COD,0
ORD_764607,CUST_1178,2026-03-16,733.78,Apparel,COD,1
ORD_710777,CUST_1178,2025-12-02,653.0,Electronics,Credit Card,0
ORD_292941,CUST_1178,2025-08-07,1007.19,Books,Debit Card,1
ORD_307158,CUST_1178,2026-06-28,228.06,Electronics,COD,0
ORD_667256,CUST_1179,2025-11-09,1721.28,Home & Kitchen,UPI,0
ORD_804824,CUST_1179,2025-10-04,3137.77,Home & Kitchen,COD,0
ORD_618953,CUST_1179,2025-12-21,993.85,Apparel,Debit Card,1
ORD_729721,CUST_1179,2025-10-24,433.77,Beauty,Credit Card,1
ORD_292180,CUST_1179,2025-12-04,1095.87,Home & Kitchen,Debit Card,0
ORD_764093,CUST_1179,2026-02-19,3405.3,Electronics,Debit Card,1
ORD_186296,CUST_1179,2026-03-02,983.27,Home & Kitchen,Debit Card,1
ORD_140736,CUST_1180,2026-01-15,2176.38,Apparel,COD,0
ORD_736548,CUST_1180,2025-09-14,1683.41,Books,UPI,0
ORD_791150,CUST_1180,2026-02-24,244.41,Home & Kitchen,Debit Card,0
ORD_765329,CUST_1180,2025-09-25,1678.47,Books,Debit Card,0
ORD_519503,CUST_1180,2026-08-23,410.05,Apparel,UPI,1
ORD_710961,CUST_1181,2026-07-16,2105.71,Beauty,Credit Card,0
ORD_437547,CUST_1182,2025-09-07,1720.38,Home & Kitchen,Debit Card,0
ORD_195335,CUST_1182,2026-08-08,4187.51,Books,UPI,0
ORD_742742,CUST_1182,2026-02-06,278.21,Beauty,Credit Card,1
ORD_883077,CUST_1182,2025-10-09,331.96,Home & Kitchen,Credit Card,0
ORD_670819,CUST_1183,2025-10-07,1878.62,Books,Credit Card,0
ORD_635848,CUST_1183,2025-10-08,237.47,Home & Kitchen,Credit Card,1
ORD_765078,CUST_1183,2026-04-10,557.54,Home & Kitchen,COD,0
ORD_145406,CUST_1183,2025-07-12,4086.69,Apparel,UPI,1
ORD_175839,CUST_1183,2026-01-29,819.88,Apparel,Credit Card,1
ORD_632249,CUST_1183,2025-06-29,460.93,Electronics,COD,0
ORD_664585,CUST_1184,2026-06-14,982.48,Beauty,COD,0
ORD_299294,CUST_1184,2026-06-14,337.21,Beauty,Debit Card,1
ORD_318827,CUST_1184,2026-08-24,536.43,Books,UPI,1
ORD_236260,CUST_1184,2025-09-07,1457.06,Apparel,COD,1
ORD_548934,CUST_1184,2025-09-02,965.38,Home & Kitchen,COD,0
ORD_942753,CUST_1185,2026-05-25,1572.03,Apparel,UPI,1
ORD_591860,CUST_1185,2026-05-15,2076.11,Books,Credit Card,1
ORD_502968,CUST_1185,2026-06-21,2375.73,Apparel,Credit Card,0
ORD_335851,CUST_1186,2025-09-02,313.54,Books,UPI,1
ORD_938018,CUST_1186,2026-06-15,5991.09,Books,COD,1
ORD_728935,CUST_1186,2026-01-02,1387.52,Beauty,COD,0
ORD_165867,CUST_1186,2025-12-22,3078.89,Electronics,Credit Card,1
ORD_804253,CUST_1186,2026-01-02,323.57,Beauty,UPI,0
ORD_259912,CUST_1188,2026-04-26,3303.38,Electronics,Credit Card,1
ORD_398073,CUST_1188,2025-07-30,711.91,Home & Kitchen,COD,0
ORD_711868,CUST_1188,2025-10-29,3077.78,Electronics,UPI,1
ORD_649264,CUST_1188,2026-03-06,1280.83,Electronics,Credit Card,0
ORD_733619,CUST_1188,2025-11-05,3027.82,Books,Credit Card,0
ORD_141954,CUST_1189,2025-09-28,1199.71,Beauty,UPI,0
ORD_424809,CUST_1189,2026-05-10,4672.19,Home & Kitchen,COD,0
ORD_464765,CUST_1189,2026-06-18,554.46,Home & Kitchen,Credit Card,0
ORD_587947,CUST_1189,2026-03-18,1089.42,Apparel,Debit Card,0
ORD_830896,CUST_1189,2026-03-15,618.51,Home & Kitchen,COD,1
ORD_986408,CUST_1189,2025-08-31,1836.11,Home & Kitchen,COD,1
ORD_115385,CUST_1190,2025-09-29,531.34,Apparel,Debit Card,0
ORD_744062,CUST_1190,2026-03-12,403.11,Electronics,Credit Card,0
ORD_749983,CUST_1190,2026-08-16,527.2,Books,Debit Card,1
ORD_265912,CUST_1190,2025-12-04,4051.51,Apparel,Credit Card,0
ORD_618196,CUST_1191,2026-05-14,205.89,Home & Kitchen,Debit Card,1
ORD_371334,CUST_1191,2025-09-08,2150.38,Home & Kitchen,COD,0
ORD_225604,CUST_1191,2025-06-29,1363.69,Apparel,COD,0
ORD_260014,CUST_1191,2026-01-30,992.72,Apparel,Credit Card,1
ORD_392441,CUST_1191,2026-06-06,1142.09,Apparel,Debit Card,1
ORD_644653,CUST_1192,2025-09-26,975.33,Electronics,Debit Card,0
ORD_258571,CUST_1192,2026-04-19,277.45,Beauty,Debit Card,0
ORD_745099,CUST_1193,2026-04-02,2163.58,Books,COD,0
ORD_585319,CUST_1193,2025-06-09,543.59,Home & Kitchen,UPI,1
ORD_671025,CUST_1193,2026-05-19,1124.23,Electronics,COD,0
ORD_598782,CUST_1193,2026-01-12,3451.55,Home & Kitchen,COD,0
ORD_618790,CUST_1194,2026-01-08,5465.69,Beauty,Credit Card,1
ORD_930445,CUST_1194,2026-04-22,729.05,Home & Kitchen,Credit Card,0
ORD_579095,CUST_1194,2026-03-07,532.86,Home & Kitchen,Credit Card,0
ORD_765979,CUST_1195,2025-12-16,972.57,Apparel,Debit Card,1
ORD_473410,CUST_1195,2025-09-24,4630.64,Beauty,Debit Card,0
ORD_790641,CUST_1195,2026-01-06,278.87,Apparel,Credit Card,0
ORD_512774,CUST_1196,2025-08-02,901.06,Electronics,UPI,1
ORD_946462,CUST_1196,2026-07-29,516.79,Beauty,Debit Card,1
ORD_246161,CUST_1196,2025-10-10,309.51,Beauty,COD,0
ORD_601477,CUST_1196,2025-11-03,205.95,Beauty,Debit Card,0
ORD_354870,CUST_1197,2025-12-06,564.09,Apparel,Credit Card,1
ORD_299176,CUST_1197,2026-03-31,1004.61,Electronics,COD,0
ORD_330168,CUST_1197,2026-06-07,343.82,Electronics,Debit Card,1
ORD_337902,CUST_1197,2026-05-02,795.68,Apparel,Debit Card,0
ORD_760501,CUST_1198,2026-02-14,517.15,Apparel,Debit Card,1
ORD_409963,CUST_1198,2026-04-06,3187.77,Home & Kitchen,COD,1
ORD_985114,CUST_1198,2026-01-08,1866.93,Apparel,UPI,0
ORD_297345,CUST_1198,2026-01-22,1786.47,Books,Credit Card,0
ORD_850190,CUST_1198,2025-06-06,525.26,Books,Debit Card,0
ORD_167359,CUST_1199,2025-12-14,362.21,Electronics,Credit Card,0
ORD_991255,CUST_1199,2025-08-26,940.05,Books,Credit Card,1
ORD_996650,CUST_1200,2025-11-23,1076.86,Home & Kitchen,Debit Card,1
ORD_267973,CUST_1200,2025-10-14,1078.13,Home & Kitchen,COD,0
ORD_390655,CUST_1200,2025-08-18,2681.65,Electronics,UPI,0
ORD_413651,CUST_1200,2026-06-09,670.91,Electronics,UPI,1
ORD_886167,CUST_1201,2025-09-23,1268.52,Electronics,COD,0
ORD_851917,CUST_1201,2026-06-27,522.28,Electronics,UPI,0
ORD_660139,CUST_1201,2026-06-29,281.22,Electronics,UPI,1
ORD_180771,CUST_1202,2026-02-08,705.9,Home & Kitchen,UPI,1
ORD_847365,CUST_1202,2026-01-21,2658.02,Beauty,COD,1
ORD_396412,CUST_1202,2026-04-27,1995.32,Apparel,UPI,1
ORD_277254,CUST_1202,2026-07-01,215.25,Home & Kitchen,Debit Card,1
ORD_501752,CUST_1203,2025-10-30,3747.0,Apparel,UPI,1
ORD_436497,CUST_1203,2026-03-11,2620.19,Electronics,COD,1
ORD_375478,CUST_1203,2026-01-10,3849.17,Home & Kitchen,UPI,0
ORD_519924,CUST_1203,2025-09-17,2837.0,Apparel,Debit Card,0
ORD_476460,CUST_1203,2025-11-03,1957.6,Home & Kitchen,Debit Card,1
ORD_998336,CUST_1204,2026-05-03,7207.4,Home & Kitchen,COD,0
ORD_298139,CUST_1204,2026-05-28,1070.73,Home & Kitchen,Credit Card,0
ORD_401075,CUST_1204,2025-06-16,292.43,Home & Kitchen,COD,0
ORD_677701,CUST_1204,2025-07-08,1276.43,Electronics,COD,0
ORD_873931,CUST_1204,2026-08-18,3112.88,Electronics,Debit Card,0
ORD_872783,CUST_1204,2026-07-01,2437.01,Apparel,Debit Card,0
ORD_483609,CUST_1204,2026-01-22,1139.01,Home & Kitchen,Credit Card,0
ORD_158453,CUST_1205,2026-07-20,4452.43,Electronics,COD,0
ORD_919781,CUST_1205,2026-07-09,1406.8,Electronics,Credit Card,0
ORD_861269,CUST_1205,2025-07-16,2075.82,Home & Kitchen,COD,0
ORD_366278,CUST_1205,2026-03-20,1362.17,Home & Kitchen,Credit Card,0
ORD_728758,CUST_1206,2025-07-16,1576.71,Electronics,UPI,0
ORD_386629,CUST_1206,2025-12-29,839.93,Beauty,COD,1
ORD_357808,CUST_1206,2026-04-11,668.06,Beauty,COD,0
ORD_250635,CUST_1206,2026-01-05,309.74,Home & Kitchen,UPI,1
ORD_536149,CUST_1207,2025-12-21,403.51,Home & Kitchen,Debit Card,0
ORD_172178,CUST_1207,2026-04-16,215.15,Apparel,COD,0
ORD_338886,CUST_1207,2025-11-24,686.42,Books,Credit Card,1
ORD_840150,CUST_1207,2025-10-07,938.19,Books,UPI,1
ORD_948182,CUST_1207,2025-06-25,435.38,Apparel,UPI,1
ORD_184294,CUST_1207,2026-01-11,6346.37,Home & Kitchen,UPI,0
ORD_137310,CUST_1207,2026-01-14,1430.17,Books,Debit Card,0
ORD_341482,CUST_1208,2025-11-06,3093.17,Books,Debit Card,1
ORD_307374,CUST_1208,2026-04-09,453.86,Beauty,Debit Card,0
ORD_387740,CUST_1208,2025-06-16,1891.25,Books,UPI,1
ORD_881608,CUST_1209,2025-12-20,4109.45,Books,Credit Card,0
ORD_592134,CUST_1209,2026-04-22,1238.77,Home & Kitchen,Debit Card,1
ORD_618467,CUST_1209,2025-12-03,5487.83,Electronics,UPI,0
ORD_406020,CUST_1210,2026-05-06,723.49,Home & Kitchen,Credit Card,0
ORD_338366,CUST_1210,2026-07-06,281.58,Books,COD,1
ORD_793044,CUST_1210,2025-10-23,786.29,Electronics,Credit Card,0
ORD_341540,CUST_1210,2026-02-15,860.54,Beauty,UPI,0
ORD_464534,CUST_1210,2025-08-28,2264.59,Beauty,UPI,0
ORD_763779,CUST_1210,2026-05-03,321.62,Beauty,UPI,0
ORD_416759,CUST_1210,2026-06-22,3401.91,Electronics,Credit Card,1
ORD_426944,CUST_1211,2026-06-24,518.05,Home & Kitchen,UPI,0
ORD_738103,CUST_1211,2026-04-19,926.81,Electronics,Credit Card,0
ORD_645470,CUST_1211,2025-06-12,635.52,Books,Debit Card,0
ORD_782346,CUST_1212,2026-06-15,1354.59,Beauty,Debit Card,0
ORD_438074,CUST_1212,2025-12-03,1594.99,Books,Credit Card,1
ORD_747601,CUST_1212,2025-06-22,1830.56,Electronics,UPI,0
ORD_931431,CUST_1212,2025-07-21,747.28,Books,Credit Card,0
ORD_338697,CUST_1212,2025-12-10,2758.6,Beauty,Credit Card,1
ORD_547628,CUST_1213,2025-10-24,4630.83,Electronics,COD,1
ORD_156572,CUST_1213,2026-02-21,1096.22,Home & Kitchen,Debit Card,0
ORD_805591,CUST_1213,2026-04-15,1232.33,Books,COD,1
ORD_539717,CUST_1213,2026-03-30,3541.74,Apparel,Debit Card,0
ORD_741629,CUST_1214,2026-03-25,2160.76,Electronics,Credit Card,0
ORD_135282,CUST_1214,2026-06-21,936.68,Books,Debit Card,0
ORD_492515,CUST_1214,2026-06-18,4246.55,Beauty,Credit Card,1
ORD_492573,CUST_1214,2026-05-19,1759.24,Beauty,UPI,0
ORD_397915,CUST_1214,2026-05-17,1470.61,Books,COD,1
ORD_229344,CUST_1215,2025-08-14,3197.1,Home & Kitchen,UPI,1
ORD_496474,CUST_1217,2026-07-03,1004.89,Apparel,Credit Card,0
ORD_587849,CUST_1217,2026-07-21,2107.2,Electronics,COD,1
ORD_788233,CUST_1217,2025-10-08,744.74,Beauty,Debit Card,0
ORD_722696,CUST_1218,2025-10-28,569.37,Apparel,Debit Card,0
ORD_764197,CUST_1218,2025-12-28,2032.98,Books,COD,1
ORD_476356,CUST_1218,2025-12-28,2254.06,Books,UPI,0
ORD_986997,CUST_1218,2025-08-01,226.16,Books,UPI,1
ORD_787635,CUST_1218,2025-12-05,579.64,Electronics,Credit Card,0
ORD_511267,CUST_1218,2025-07-07,1442.3,Electronics,UPI,0
ORD_610491,CUST_1219,2025-07-05,3169.06,Books,Credit Card,1
ORD_315432,CUST_1219,2025-12-05,2265.09,Home & Kitchen,UPI,1
ORD_830617,CUST_1219,2026-07-11,1295.71,Beauty,UPI,0
ORD_284544,CUST_1220,2026-04-03,1581.3,Books,Debit Card,1
ORD_463581,CUST_1220,2026-05-15,1430.77,Beauty,COD,1
ORD_699559,CUST_1220,2025-11-01,707.92,Books,COD,1
ORD_658180,CUST_1221,2025-06-29,762.51,Apparel,Credit Card,0
ORD_516512,CUST_1221,2026-03-22,1405.52,Beauty,COD,1
ORD_181238,CUST_1221,2025-09-13,4450.8,Electronics,Credit Card,0
ORD_637732,CUST_1222,2025-08-19,651.24,Beauty,Debit Card,1
ORD_880908,CUST_1222,2025-09-15,440.36,Apparel,UPI,0
ORD_762213,CUST_1223,2025-06-30,284.08,Home & Kitchen,COD,1
ORD_697121,CUST_1223,2026-03-20,284.4,Beauty,Credit Card,1
ORD_963618,CUST_1223,2026-02-20,2686.58,Beauty,Credit Card,1
ORD_998633,CUST_1223,2026-05-16,2265.71,Apparel,Credit Card,0
ORD_191679,CUST_1223,2025-09-14,399.33,Electronics,UPI,0
ORD_791505,CUST_1223,2026-07-02,935.61,Beauty,COD,1
ORD_277476,CUST_1223,2025-09-22,942.15,Home & Kitchen,Debit Card,0
ORD_119731,CUST_1223,2026-07-09,3893.24,Electronics,Credit Card,0
ORD_208073,CUST_1224,2026-02-02,1093.63,Books,Credit Card,0
ORD_942329,CUST_1224,2025-09-19,4221.17,Electronics,Debit Card,1
ORD_224746,CUST_1225,2026-07-19,7456.55,Home & Kitchen,COD,0
ORD_309966,CUST_1226,2025-06-13,767.4,Apparel,COD,0
ORD_355564,CUST_1226,2026-07-24,1036.63,Books,COD,0
ORD_104922,CUST_1226,2026-03-24,1175.95,Apparel,COD,0
ORD_159072,CUST_1226,2026-04-26,782.22,Home & Kitchen,Credit Card,1
ORD_863210,CUST_1227,2026-02-08,1272.12,Books,Credit Card,1
ORD_215981,CUST_1227,2026-07-23,1190.74,Apparel,COD,0
ORD_502641,CUST_1227,2026-07-19,1185.48,Books,Debit Card,1
ORD_167421,CUST_1228,2026-07-10,308.36,Home & Kitchen,COD,0
ORD_611662,CUST_1228,2025-09-18,484.49,Beauty,Debit Card,0
ORD_449230,CUST_1228,2025-09-02,4286.52,Home & Kitchen,UPI,1
ORD_794779,CUST_1228,2026-04-20,1395.86,Books,UPI,0
ORD_329192,CUST_1228,2025-08-16,2120.11,Apparel,Credit Card,1
ORD_598214,CUST_1228,2026-04-10,406.75,Home & Kitchen,UPI,0
ORD_484083,CUST_1229,2025-10-21,1453.18,Electronics,COD,0
ORD_766252,CUST_1229,2026-08-20,3411.91,Apparel,UPI,0
ORD_484755,CUST_1229,2025-06-03,1147.07,Beauty,COD,1
ORD_402138,CUST_1229,2025-11-24,2019.17,Home & Kitchen,UPI,0
ORD_363456,CUST_1229,2026-03-13,4809.04,Apparel,Debit Card,0
ORD_699830,CUST_1229,2025-12-23,3696.93,Books,Credit Card,0
ORD_786143,CUST_1230,2026-01-16,1743.47,Electronics,Credit Card,0
ORD_802290,CUST_1231,2025-08-05,1266.03,Electronics,COD,0
ORD_179944,CUST_1231,2026-05-20,1159.63,Books,Debit Card,0
ORD_724135,CUST_1231,2026-02-27,890.64,Books,COD,1
ORD_354289,CUST_1232,2025-08-06,2035.03,Electronics,Debit Card,1
ORD_754282,CUST_1232,2025-09-21,889.97,Home & Kitchen,UPI,0
ORD_792494,CUST_1232,2025-09-19,200.36,Beauty,Credit Card,0
ORD_604136,CUST_1232,2025-09-30,473.66,Apparel,Credit Card,1
ORD_951980,CUST_1233,2026-07-17,314.2,Beauty,UPI,0
ORD_920845,CUST_1234,2025-12-13,925.5,Beauty,Debit Card,1
ORD_566441,CUST_1234,2026-05-22,1522.03,Electronics,UPI,0
ORD_877867,CUST_1234,2025-12-07,661.76,Beauty,COD,0
ORD_316915,CUST_1234,2025-06-25,2498.52,Electronics,Debit Card,1
ORD_761809,CUST_1234,2025-12-07,322.35,Home & Kitchen,COD,1
ORD_762806,CUST_1235,2025-06-09,1211.34,Apparel,COD,1
ORD_698029,CUST_1235,2026-02-12,976.21,Electronics,COD,0
ORD_332366,CUST_1235,2025-11-19,1060.6,Books,COD,0
ORD_832558,CUST_1235,2026-05-05,936.78,Apparel,Debit Card,1
ORD_783542,CUST_1236,2025-08-07,5615.75,Books,Credit Card,1
ORD_462355,CUST_1237,2025-12-24,1124.46,Apparel,COD,0
ORD_269708,CUST_1237,2025-08-27,1313.99,Apparel,UPI,1
ORD_325864,CUST_1237,2025-07-22,2315.91,Electronics,UPI,0
ORD_230697,CUST_1237,2026-04-15,778.74,Books,Credit Card,1
ORD_514750,CUST_1238,2025-10-13,242.89,Apparel,Credit Card,1
ORD_710598,CUST_1238,2025-11-03,2111.24,Home & Kitchen,Credit Card,1
ORD_122228,CUST_1238,2026-04-04,2524.47,Beauty,COD,0
ORD_341382,CUST_1238,2026-05-28,2011.02,Books,UPI,0
ORD_530037,CUST_1238,2026-07-13,1515.34,Apparel,Credit Card,1
ORD_692337,CUST_1239,2026-04-23,3838.68,Apparel,Debit Card,1
ORD_265640,CUST_1239,2026-03-14,1858.7,Books,Credit Card,1
ORD_751127,CUST_1240,2025-09-04,570.88,Books,UPI,1
ORD_951379,CUST_1240,2025-08-22,364.65,Books,Credit Card,1
ORD_491758,CUST_1240,2025-08-17,1265.52,Beauty,UPI,0
ORD_756225,CUST_1240,2026-07-27,993.82,Beauty,UPI,1
ORD_997883,CUST_1241,2025-12-03,615.14,Books,Debit Card,1
ORD_846258,CUST_1241,2025-10-27,2277.8,Home & Kitchen,COD,0
ORD_160653,CUST_1241,2026-06-11,1113.48,Beauty,Credit Card,0
ORD_851938,CUST_1242,2025-09-19,489.98,Electronics,UPI,0
ORD_426754,CUST_1242,2025-06-27,1199.48,Electronics,UPI,1
ORD_705058,CUST_1242,2025-12-13,410.76,Home & Kitchen,Debit Card,1
ORD_277265,CUST_1242,2026-05-05,890.72,Apparel,Debit Card,0
ORD_711526,CUST_1243,2025-12-28,924.73,Apparel,Debit Card,0
ORD_589464,CUST_1243,2025-06-23,666.34,Electronics,COD,0
ORD_541144,CUST_1243,2026-02-28,4363.8,Home & Kitchen,Debit Card,1
ORD_381941,CUST_1244,2026-05-14,5566.19,Electronics,Credit Card,0
ORD_797389,CUST_1244,2026-03-01,1436.88,Electronics,UPI,1
ORD_446997,CUST_1245,2026-08-13,469.73,Electronics,Debit Card,1
ORD_150893,CUST_1245,2026-04-16,234.06,Beauty,Credit Card,1
ORD_181060,CUST_1245,2026-01-08,1856.4,Apparel,UPI,1
ORD_872718,CUST_1246,2026-01-04,2111.45,Books,UPI,0
ORD_555040,CUST_1246,2025-09-26,988.38,Books,Debit Card,0
ORD_958099,CUST_1246,2025-10-06,857.75,Books,Credit Card,1
ORD_938569,CUST_1246,2025-07-18,311.65,Electronics,Credit Card,0
ORD_853036,CUST_1246,2026-02-12,7558.95,Electronics,Credit Card,0
ORD_403564,CUST_1246,2025-07-29,3393.0,Books,Debit Card,1
ORD_952224,CUST_1247,2025-11-07,1528.95,Home & Kitchen,UPI,1
ORD_853642,CUST_1247,2026-07-18,5282.08,Electronics,COD,1
ORD_961549,CUST_1247,2026-07-25,901.51,Electronics,COD,0
ORD_481361,CUST_1247,2025-10-09,2077.13,Apparel,COD,0
ORD_488388,CUST_1247,2025-07-16,1074.69,Electronics,COD,0
ORD_217907,CUST_1247,2026-01-16,1856.21,Apparel,UPI,0
ORD_744821,CUST_1247,2025-12-21,1339.21,Electronics,COD,1
ORD_999145,CUST_1248,2025-07-31,2209.98,Home & Kitchen,COD,0
ORD_583075,CUST_1249,2026-04-04,1793.0,Home & Kitchen,COD,0
ORD_554581,CUST_1249,2026-04-06,845.72,Electronics,UPI,0
ORD_611714,CUST_1249,2026-05-27,1649.67,Books,Debit Card,1
ORD_277946,CUST_1249,2025-07-07,1756.67,Home & Kitchen,COD,0
ORD_321140,CUST_1249,2026-07-15,318.55,Home & Kitchen,Credit Card,0
ORD_763440,CUST_1250,2025-11-15,900.71,Books,UPI,0
ORD_584540,CUST_1250,2026-07-05,1976.61,Apparel,COD,0
ORD_856349,CUST_1250,2025-11-17,731.45,Electronics,Debit Card,0
ORD_948883,CUST_1250,2025-10-19,1533.05,Electronics,Debit Card,0
ORD_583157,CUST_1250,2026-05-04,2961.48,Apparel,Credit Card,1
ORD_618534,CUST_1251,2026-06-19,325.22,Beauty,UPI,0
ORD_722354,CUST_1251,2026-05-03,3581.18,Home & Kitchen,UPI,0
ORD_863043,CUST_1252,2026-02-14,5493.62,Electronics,UPI,0
ORD_892515,CUST_1252,2026-04-07,859.6,Electronics,UPI,0
ORD_812755,CUST_1252,2026-05-04,3192.15,Home & Kitchen,UPI,0
ORD_133545,CUST_1252,2026-04-16,527.67,Books,COD,0
ORD_364130,CUST_1253,2025-08-13,1834.78,Apparel,UPI,0
ORD_477332,CUST_1253,2025-12-03,554.29,Beauty,UPI,1
ORD_157124,CUST_1253,2026-03-12,208.19,Beauty,UPI,1
ORD_273790,CUST_1254,2025-12-30,3546.95,Apparel,Debit Card,1
ORD_832426,CUST_1254,2025-06-29,10425.09,Beauty,Debit Card,0
ORD_570076,CUST_1254,2025-10-25,8597.84,Electronics,UPI,0
ORD_442059,CUST_1254,2025-10-22,1422.73,Electronics,COD,1
ORD_766469,CUST_1254,2026-07-28,810.02,Books,UPI,0
ORD_923375,CUST_1254,2025-07-01,1278.47,Electronics,UPI,1
ORD_223351,CUST_1254,2025-08-13,1378.5,Books,Debit Card,0
ORD_153811,CUST_1254,2026-07-23,2139.09,Home & Kitchen,Debit Card,1
ORD_226865,CUST_1255,2025-09-04,322.37,Electronics,UPI,1
ORD_255260,CUST_1255,2026-08-10,1258.89,Books,UPI,0
ORD_763333,CUST_1255,2025-09-30,4588.71,Beauty,Debit Card,0
ORD_953152,CUST_1255,2026-03-16,508.57,Books,UPI,0
ORD_379934,CUST_1255,2026-01-04,1610.37,Beauty,Credit Card,0
ORD_574857,CUST_1255,2026-04-25,287.05,Home & Kitchen,Credit Card,0
ORD_297298,CUST_1255,2025-06-16,2156.33,Books,Debit Card,1
ORD_597393,CUST_1255,2026-07-13,3005.87,Apparel,Debit Card,0
ORD_136948,CUST_1256,2025-11-14,526.76,Apparel,UPI,0
ORD_707200,CUST_1256,2026-02-13,2416.19,Beauty,Credit Card,1
ORD_757116,CUST_1256,2026-04-22,1121.42,Electronics,Credit Card,1
ORD_440354,CUST_1256,2025-08-26,4569.12,Apparel,COD,1
ORD_184821,CUST_1257,2025-10-06,2695.87,Home & Kitchen,UPI,0
ORD_775616,CUST_1257,2025-07-01,1240.64,Beauty,Debit Card,1
ORD_699608,CUST_1257,2025-11-13,2181.62,Apparel,Debit Card,1
ORD_109399,CUST_1257,2026-02-25,2039.93,Beauty,Debit Card,1
ORD_636364,CUST_1258,2025-06-08,576.7,Books,Debit Card,1
ORD_169835,CUST_1258,2025-06-06,4523.5,Books,Debit Card,1
ORD_203088,CUST_1258,2026-05-04,3469.78,Books,COD,0
ORD_565944,CUST_1258,2026-04-21,744.85,Home & Kitchen,Credit Card,1
ORD_287486,CUST_1258,2025-07-03,3887.84,Books,UPI,1
ORD_466590,CUST_1258,2026-05-02,3391.45,Electronics,Debit Card,1
ORD_823380,CUST_1258,2026-04-15,3486.69,Home & Kitchen,COD,0
ORD_929154,CUST_1259,2025-07-03,1280.58,Apparel,COD,1
ORD_120968,CUST_1259,2025-12-27,3671.65,Home & Kitchen,COD,0
ORD_708481,CUST_1259,2025-07-16,6365.46,Home & Kitchen,Debit Card,1
ORD_253329,CUST_1259,2026-01-23,406.73,Home & Kitchen,Credit Card,1
ORD_832943,CUST_1259,2025-07-11,1065.18,Books,UPI,1
ORD_345456,CUST_1259,2026-01-01,391.56,Electronics,UPI,1
ORD_481050,CUST_1260,2026-05-08,1463.45,Home & Kitchen,UPI,1
ORD_643447,CUST_1261,2025-08-08,732.9,Electronics,Credit Card,0
ORD_866164,CUST_1261,2026-04-18,2909.85,Books,Debit Card,1
ORD_316351,CUST_1261,2025-07-17,3416.28,Home & Kitchen,Credit Card,0
ORD_906409,CUST_1261,2026-07-20,1309.51,Books,UPI,0
ORD_989258,CUST_1262,2026-04-12,748.44,Electronics,UPI,0
ORD_107032,CUST_1262,2025-10-25,3411.59,Home & Kitchen,Debit Card,0
ORD_147850,CUST_1262,2025-09-23,2994.48,Beauty,UPI,0
ORD_534848,CUST_1262,2025-06-05,2284.19,Home & Kitchen,Debit Card,0
ORD_480355,CUST_1262,2026-05-05,1411.76,Beauty,Credit Card,0
ORD_997246,CUST_1262,2025-06-09,251.0,Beauty,Credit Card,0
ORD_910201,CUST_1263,2026-08-24,1032.41,Books,Debit Card,0
ORD_825010,CUST_1263,2026-02-12,208.05,Books,Credit Card,0
ORD_155107,CUST_1264,2026-04-27,201.18,Apparel,Credit Card,0
ORD_360933,CUST_1264,2026-01-31,3890.9,Home & Kitchen,Debit Card,1
ORD_466349,CUST_1264,2025-06-24,1588.58,Books,COD,1
ORD_984343,CUST_1264,2025-11-26,1133.73,Electronics,Credit Card,0
ORD_161160,CUST_1265,2026-02-10,1031.01,Electronics,Credit Card,1
ORD_409717,CUST_1265,2026-05-11,3402.02,Apparel,COD,0
ORD_697679,CUST_1265,2026-02-24,945.23,Beauty,UPI,1
ORD_911536,CUST_1265,2026-08-08,698.06,Home & Kitchen,UPI,1
ORD_120169,CUST_1266,2025-09-09,2639.15,Home & Kitchen,UPI,0
ORD_870625,CUST_1266,2025-12-15,246.96,Electronics,COD,0
ORD_830151,CUST_1266,2025-06-07,1207.71,Home & Kitchen,Credit Card,1
ORD_915636,CUST_1266,2026-02-12,946.29,Books,COD,1
ORD_381833,CUST_1266,2025-06-03,4276.05,Electronics,Debit Card,0
ORD_659849,CUST_1267,2026-04-29,774.86,Books,UPI,1
ORD_351227,CUST_1267,2026-03-13,1259.22,Home & Kitchen,Debit Card,0
ORD_850310,CUST_1267,2026-06-06,363.71,Electronics,UPI,0
ORD_429572,CUST_1267,2025-07-29,638.53,Electronics,Debit Card,1
ORD_768778,CUST_1267,2025-12-08,856.42,Electronics,Credit Card,0
ORD_227135,CUST_1268,2025-08-23,1000.29,Beauty,Credit Card,1
ORD_457054,CUST_1268,2025-11-22,1112.27,Books,Credit Card,1
ORD_154672,CUST_1268,2026-06-17,3249.97,Home & Kitchen,Credit Card,1
ORD_752842,CUST_1268,2026-06-21,1910.27,Books,COD,0
ORD_594735,CUST_1268,2025-10-24,389.13,Beauty,UPI,0
ORD_454182,CUST_1268,2026-02-26,2916.89,Home & Kitchen,Debit Card,0
ORD_575881,CUST_1269,2026-06-16,1482.93,Electronics,Credit Card,0
ORD_417803,CUST_1269,2025-12-19,1043.32,Beauty,Debit Card,0
ORD_508177,CUST_1269,2026-02-19,2447.43,Electronics,COD,1
ORD_621921,CUST_1269,2025-09-18,223.35,Beauty,Credit Card,1
ORD_489363,CUST_1269,2026-06-25,283.34,Home & Kitchen,Credit Card,0
ORD_274698,CUST_1270,2025-10-24,771.02,Electronics,UPI,0
ORD_128834,CUST_1270,2026-06-07,2045.39,Home & Kitchen,COD,1
ORD_160261,CUST_1270,2026-06-28,964.01,Books,COD,0
ORD_386543,CUST_1271,2026-07-14,2699.7,Beauty,Debit Card,1
ORD_398021,CUST_1271,2025-10-17,1356.64,Electronics,Debit Card,0
ORD_834303,CUST_1271,2025-12-18,1911.89,Books,Debit Card,1
ORD_818693,CUST_1271,2026-04-23,2067.57,Beauty,Debit Card,1
ORD_285964,CUST_1272,2026-06-11,257.1,Electronics,Debit Card,0
ORD_360300,CUST_1272,2025-06-29,9698.78,Apparel,Credit Card,1
ORD_537680,CUST_1272,2026-07-06,920.47,Beauty,UPI,1
ORD_575629,CUST_1272,2026-04-07,1833.74,Apparel,COD,0
ORD_629049,CUST_1272,2026-06-02,288.24,Home & Kitchen,Credit Card,0
ORD_782433,CUST_1272,2025-09-03,2871.89,Home & Kitchen,Credit Card,1
ORD_251606,CUST_1273,2025-11-05,1590.01,Home & Kitchen,Credit Card,0
ORD_784765,CUST_1273,2025-09-23,650.07,Home & Kitchen,Debit Card,0
ORD_370086,CUST_1273,2026-06-16,850.84,Electronics,UPI,0
ORD_159980,CUST_1273,2026-08-12,535.35,Books,Debit Card,1
ORD_524861,CUST_1274,2025-10-27,680.33,Apparel,Credit Card,0
ORD_955938,CUST_1274,2026-05-02,650.75,Electronics,Credit Card,0
ORD_327997,CUST_1274,2026-05-28,835.47,Electronics,Credit Card,0
ORD_546742,CUST_1274,2026-08-14,296.72,Beauty,UPI,0
ORD_869822,CUST_1274,2026-07-16,287.21,Beauty,UPI,1
ORD_299330,CUST_1274,2026-01-22,1895.5,Apparel,Credit Card,1
ORD_427597,CUST_1275,2025-11-09,2824.93,Books,UPI,0
ORD_909797,CUST_1275,2026-06-30,854.22,Apparel,Debit Card,0
ORD_738172,CUST_1275,2026-08-21,3055.75,Home & Kitchen,Credit Card,0
ORD_624261,CUST_1275,2025-06-10,1343.68,Electronics,UPI,0
ORD_987921,CUST_1275,2025-06-26,2031.49,Beauty,UPI,0
ORD_114126,CUST_1275,2025-09-03,247.51,Beauty,Debit Card,0
ORD_498471,CUST_1276,2025-12-13,1744.08,Beauty,Debit Card,1
ORD_265043,CUST_1276,2025-06-04,4653.75,Home & Kitchen,UPI,1
ORD_992008,CUST_1276,2025-08-05,1184.14,Electronics,COD,0
ORD_563609,CUST_1276,2026-05-09,1057.96,Apparel,UPI,1
ORD_466204,CUST_1276,2026-04-15,2887.08,Apparel,Credit Card,1
ORD_250853,CUST_1277,2025-08-13,591.47,Books,COD,0
ORD_117669,CUST_1277,2026-07-15,1339.91,Books,Debit Card,0
ORD_675100,CUST_1277,2025-12-05,1071.75,Electronics,COD,1
ORD_329707,CUST_1277,2026-07-03,932.02,Home & Kitchen,COD,1
ORD_712233,CUST_1277,2025-09-23,1037.7,Beauty,Credit Card,1
ORD_971217,CUST_1277,2025-06-14,401.05,Home & Kitchen,Credit Card,1
ORD_247733,CUST_1277,2026-04-20,693.72,Electronics,COD,1
ORD_309304,CUST_1277,2025-09-20,713.71,Books,UPI,0
ORD_769800,CUST_1277,2026-04-20,699.64,Books,Debit Card,1
ORD_130531,CUST_1278,2026-02-08,5178.78,Home & Kitchen,Credit Card,1
ORD_783753,CUST_1278,2025-07-31,1752.85,Electronics,UPI,0
ORD_155486,CUST_1278,2026-06-14,4008.78,Electronics,Debit Card,0
ORD_406172,CUST_1278,2025-10-10,363.29,Home & Kitchen,COD,0
ORD_342721,CUST_1278,2026-07-25,402.35,Home & Kitchen,UPI,0
ORD_943224,CUST_1278,2025-09-03,2120.08,Electronics,Debit Card,0
ORD_196950,CUST_1278,2026-05-17,1935.34,Home & Kitchen,UPI,0
ORD_821927,CUST_1279,2025-07-21,416.01,Electronics,Debit Card,0
ORD_577432,CUST_1279,2026-01-21,307.23,Books,Credit Card,0
ORD_521280,CUST_1279,2025-09-28,613.62,Books,UPI,0
ORD_409257,CUST_1279,2026-03-14,3299.98,Electronics,Credit Card,0
ORD_130653,CUST_1279,2026-01-04,911.73,Books,UPI,1
ORD_880305,CUST_1280,2025-11-12,910.42,Books,Credit Card,0
ORD_445535,CUST_1280,2025-06-01,290.48,Apparel,Debit Card,0
ORD_928667,CUST_1281,2025-06-12,915.75,Beauty,Credit Card,0
ORD_680985,CUST_1281,2026-01-25,724.57,Apparel,UPI,1
ORD_280160,CUST_1282,2026-01-13,1507.16,Home & Kitchen,Debit Card,1
ORD_301466,CUST_1282,2026-06-25,206.77,Books,Debit Card,1
ORD_445173,CUST_1283,2026-03-01,207.99,Apparel,Credit Card,1
ORD_912353,CUST_1283,2026-07-02,1105.68,Books,Debit Card,0
ORD_321668,CUST_1283,2026-06-22,3866.33,Beauty,Debit Card,1
ORD_462205,CUST_1283,2026-03-01,542.68,Beauty,UPI,1
ORD_178343,CUST_1284,2025-10-06,553.92,Home & Kitchen,Credit Card,1
ORD_409150,CUST_1284,2025-09-16,778.23,Apparel,Debit Card,1
ORD_395625,CUST_1285,2025-09-01,1303.0,Apparel,Debit Card,0
ORD_692520,CUST_1285,2026-01-23,240.2,Books,COD,1
ORD_187695,CUST_1285,2025-06-19,799.32,Apparel,Debit Card,1
ORD_581995,CUST_1285,2025-07-31,227.18,Books,COD,0
ORD_456092,CUST_1286,2026-02-07,2962.43,Home & Kitchen,UPI,1
ORD_173601,CUST_1286,2025-11-25,2845.02,Apparel,UPI,0
ORD_221173,CUST_1286,2025-07-17,399.78,Electronics,COD,1
ORD_527499,CUST_1287,2025-08-02,1224.74,Electronics,Credit Card,0
ORD_454824,CUST_1287,2026-06-01,2065.54,Books,Debit Card,1
ORD_776503,CUST_1287,2026-07-10,3195.2,Books,Credit Card,0
ORD_675657,CUST_1287,2025-11-25,962.24,Beauty,COD,0
ORD_671920,CUST_1287,2026-06-05,1604.58,Apparel,Debit Card,0
ORD_804172,CUST_1287,2026-01-05,240.56,Apparel,UPI,1
ORD_817167,CUST_1287,2025-07-17,2170.8,Apparel,COD,0
ORD_721839,CUST_1287,2025-11-18,2894.9,Apparel,COD,1
ORD_639775,CUST_1287,2026-04-22,841.63,Electronics,UPI,0
ORD_481784,CUST_1287,2026-02-04,2712.51,Electronics,COD,0
ORD_449760,CUST_1288,2026-01-07,1061.8,Electronics,Debit Card,0
ORD_396177,CUST_1288,2025-11-05,721.7,Home & Kitchen,Debit Card,0
ORD_970822,CUST_1288,2025-08-11,824.83,Books,UPI,0
ORD_237046,CUST_1288,2025-10-18,2855.01,Beauty,Credit Card,1
ORD_424888,CUST_1288,2026-05-30,341.79,Books,Credit Card,1
ORD_789746,CUST_1288,2026-01-14,489.65,Home & Kitchen,COD,0
ORD_347174,CUST_1289,2025-07-07,614.63,Beauty,Credit Card,0
ORD_449379,CUST_1289,2026-01-29,8981.16,Home & Kitchen,Debit Card,1
ORD_807161,CUST_1289,2026-04-04,3480.2,Home & Kitchen,COD,1
ORD_529791,CUST_1289,2025-12-14,1161.32,Beauty,COD,1
ORD_711781,CUST_1289,2025-10-01,2493.98,Home & Kitchen,Debit Card,1
ORD_267071,CUST_1289,2025-12-25,409.45,Home & Kitchen,UPI,0
ORD_655943,CUST_1289,2025-07-02,5085.63,Books,Debit Card,0
ORD_818590,CUST_1289,2025-12-29,1001.46,Home & Kitchen,UPI,0
ORD_174176,CUST_1290,2025-08-19,689.56,Electronics,Debit Card,1
ORD_279340,CUST_1290,2026-08-14,429.05,Electronics,Credit Card,0
ORD_218368,CUST_1290,2025-10-22,800.66,Books,Debit Card,1
ORD_422038,CUST_1290,2026-02-25,8340.66,Books,Debit Card,0
ORD_224078,CUST_1290,2026-05-02,5188.61,Electronics,COD,0
ORD_916480,CUST_1291,2026-03-30,946.23,Books,UPI,0
ORD_444087,CUST_1291,2025-06-15,770.8,Home & Kitchen,COD,0
ORD_618855,CUST_1291,2026-06-13,499.91,Beauty,UPI,0
ORD_726087,CUST_1291,2026-01-31,4384.99,Home & Kitchen,UPI,1
ORD_445182,CUST_1292,2026-08-12,4125.71,Books,Debit Card,1
ORD_813628,CUST_1292,2026-02-28,1560.19,Books,UPI,0
ORD_394065,CUST_1292,2025-10-17,2070.33,Apparel,Debit Card,0
ORD_122063,CUST_1292,2026-06-16,4882.58,Apparel,Debit Card,0
ORD_372409,CUST_1293,2025-06-08,1080.79,Beauty,UPI,1
ORD_732295,CUST_1293,2025-06-25,3804.53,Books,Debit Card,0
ORD_370628,CUST_1293,2025-12-02,447.62,Beauty,UPI,0
ORD_355540,CUST_1293,2025-08-23,2187.0,Electronics,COD,1
ORD_419118,CUST_1294,2026-08-04,3003.37,Books,COD,1
ORD_759292,CUST_1294,2026-05-29,1767.08,Books,Debit Card,0
ORD_565899,CUST_1294,2025-06-15,861.53,Beauty,Debit Card,0
ORD_487688,CUST_1294,2026-04-05,1015.51,Electronics,UPI,1
ORD_651556,CUST_1295,2026-02-10,681.16,Electronics,Credit Card,0
ORD_805790,CUST_1295,2025-06-02,694.24,Apparel,UPI,0
ORD_909716,CUST_1295,2026-05-04,1815.25,Electronics,COD,0
ORD_494718,CUST_1296,2025-07-19,2649.38,Apparel,UPI,1
ORD_433838,CUST_1296,2025-11-22,755.9,Beauty,Debit Card,1
ORD_215018,CUST_1297,2025-11-12,302.88,Electronics,Credit Card,0
ORD_679054,CUST_1297,2026-03-09,1231.01,Apparel,Debit Card,1
ORD_231401,CUST_1298,2025-10-26,892.2,Books,UPI,1
ORD_679897,CUST_1298,2025-10-25,598.01,Beauty,Credit Card,0
ORD_554926,CUST_1298,2025-11-21,463.5,Electronics,COD,0
ORD_556120,CUST_1298,2026-02-14,3029.94,Beauty,COD,1
ORD_663616,CUST_1299,2025-11-13,989.54,Home & Kitchen,Debit Card,0
ORD_180722,CUST_1299,2026-06-29,1254.42,Home & Kitchen,Debit Card,0
ORD_949228,CUST_1299,2026-01-10,683.3,Books,UPI,0
ORD_845569,CUST_1299,2025-09-28,1070.05,Electronics,COD,0
ORD_331572,CUST_1299,2026-06-30,2391.31,Apparel,COD,0
ORD_955817,CUST_1300,2025-09-17,1195.77,Home & Kitchen,Credit Card,0
ORD_674388,CUST_1300,2026-01-29,1411.73,Apparel,Debit Card,1
ORD_959222,CUST_1300,2025-06-23,238.7,Home & Kitchen,COD,0
ORD_490659,CUST_1300,2026-04-07,561.53,Apparel,Debit Card,1
ORD_321516,CUST_1301,2025-07-13,490.73,Electronics,Credit Card,1
ORD_479346,CUST_1301,2026-02-15,1768.43,Books,Debit Card,0
ORD_695017,CUST_1302,2026-05-08,1596.19,Home & Kitchen,Debit Card,0
ORD_752619,CUST_1302,2026-01-13,1122.88,Electronics,Credit Card,1
ORD_932440,CUST_1302,2025-12-31,2268.72,Books,Debit Card,1
ORD_725638,CUST_1303,2025-07-03,248.2,Beauty,UPI,1
ORD_842691,CUST_1303,2026-05-03,1921.99,Apparel,Debit Card,1
ORD_119659,CUST_1303,2025-11-19,2133.33,Electronics,UPI,0
ORD_148791,CUST_1303,2025-12-05,1029.24,Home & Kitchen,COD,1
ORD_383071,CUST_1303,2026-03-03,931.3,Beauty,Credit Card,0
ORD_486060,CUST_1303,2025-12-30,708.58,Home & Kitchen,Debit Card,0
ORD_518318,CUST_1303,2025-10-08,2186.8,Beauty,COD,1
ORD_212035,CUST_1304,2025-09-10,795.28,Electronics,Credit Card,0
ORD_440526,CUST_1304,2026-01-08,1869.23,Beauty,Debit Card,1
ORD_469561,CUST_1304,2026-01-21,2645.3,Electronics,UPI,0
ORD_622797,CUST_1304,2026-06-28,479.77,Books,Debit Card,0
ORD_461013,CUST_1304,2026-05-08,995.04,Books,COD,1
ORD_829672,CUST_1304,2025-11-21,2423.38,Beauty,Debit Card,0
ORD_896787,CUST_1304,2025-06-26,467.89,Books,Debit Card,0
ORD_536841,CUST_1304,2026-07-24,506.71,Home & Kitchen,COD,0
ORD_484467,CUST_1305,2025-09-19,1191.34,Apparel,UPI,1
ORD_992135,CUST_1305,2026-02-17,1183.16,Apparel,Credit Card,1
ORD_306935,CUST_1305,2025-06-20,1003.82,Books,UPI,0
ORD_565787,CUST_1305,2025-12-25,540.48,Home & Kitchen,Credit Card,0
ORD_444352,CUST_1305,2025-07-03,2053.27,Books,Debit Card,0
ORD_650613,CUST_1306,2025-08-09,404.04,Apparel,COD,1
ORD_736972,CUST_1306,2026-04-13,945.02,Electronics,UPI,0
ORD_695446,CUST_1307,2026-04-29,1516.42,Books,UPI,0
ORD_613676,CUST_1307,2026-07-23,1430.87,Books,UPI,0
ORD_929027,CUST_1307,2026-07-07,507.61,Apparel,Credit Card,1
ORD_209599,CUST_1307,2025-10-27,294.89,Electronics,Credit Card,0
ORD_212557,CUST_1308,2026-01-19,1108.33,Home & Kitchen,Credit Card,1
ORD_726549,CUST_1308,2025-07-16,2128.91,Books,Debit Card,0
ORD_699067,CUST_1308,2026-06-16,1965.74,Apparel,Debit Card,1
ORD_689643,CUST_1308,2025-11-22,355.43,Home & Kitchen,Credit Card,0
ORD_777178,CUST_1308,2026-01-25,807.47,Books,Credit Card,0
ORD_409181,CUST_1309,2026-05-01,2694.52,Apparel,COD,1
ORD_484474,CUST_1310,2025-09-03,3033.64,Beauty,Debit Card,0
ORD_776542,CUST_1310,2026-05-27,279.91,Electronics,Debit Card,0
ORD_557291,CUST_1310,2026-08-15,458.19,Home & Kitchen,COD,1
ORD_374535,CUST_1311,2026-02-09,1189.26,Electronics,UPI,1
ORD_873360,CUST_1311,2025-06-13,1468.93,Electronics,Debit Card,1
ORD_790200,CUST_1311,2026-02-27,1246.56,Home & Kitchen,UPI,0
ORD_768301,CUST_1311,2025-10-12,3019.96,Beauty,Debit Card,0
ORD_644611,CUST_1311,2025-09-11,481.89,Apparel,Credit Card,1
ORD_737703,CUST_1311,2025-12-06,1940.35,Electronics,Credit Card,1
ORD_220035,CUST_1311,2025-12-05,382.48,Books,Debit Card,0
ORD_884516,CUST_1311,2026-05-17,6723.74,Apparel,COD,0
ORD_651741,CUST_1311,2026-05-15,479.73,Apparel,Debit Card,1
ORD_718943,CUST_1312,2025-11-25,825.28,Beauty,Debit Card,0
ORD_516968,CUST_1312,2025-09-15,217.57,Electronics,UPI,1
ORD_944355,CUST_1313,2026-01-07,1603.63,Books,COD,0
ORD_669955,CUST_1313,2026-02-07,2111.77,Beauty,UPI,1
ORD_157560,CUST_1313,2026-06-11,1721.87,Home & Kitchen,Debit Card,0
ORD_326812,CUST_1314,2025-10-10,1171.02,Beauty,UPI,0
ORD_846256,CUST_1314,2025-11-15,371.31,Apparel,COD,1
ORD_383083,CUST_1314,2025-07-31,1955.33,Apparel,Credit Card,0
ORD_673936,CUST_1314,2025-06-20,464.39,Books,Debit Card,1
ORD_157207,CUST_1314,2025-12-23,1119.52,Home & Kitchen,UPI,1
ORD_210573,CUST_1314,2026-07-16,2407.66,Electronics,Credit Card,0
ORD_624344,CUST_1315,2026-01-12,1446.21,Books,Debit Card,0
ORD_120505,CUST_1315,2026-07-15,878.6,Electronics,UPI,0
ORD_426380,CUST_1315,2026-04-02,370.51,Electronics,Credit Card,1
ORD_301225,CUST_1315,2026-04-17,435.48,Books,Credit Card,0
ORD_362063,CUST_1315,2025-11-19,1835.07,Apparel,UPI,0
ORD_387181,CUST_1316,2025-11-15,1485.44,Electronics,UPI,1
ORD_461317,CUST_1316,2026-07-12,572.9,Home & Kitchen,Debit Card,1
ORD_295543,CUST_1316,2025-12-09,2231.22,Apparel,Credit Card,0
ORD_692890,CUST_1316,2026-02-20,3124.31,Electronics,Debit Card,0
ORD_492544,CUST_1317,2026-06-12,2033.66,Books,Credit Card,1
ORD_951246,CUST_1317,2026-04-10,2184.26,Electronics,UPI,1
ORD_320511,CUST_1317,2026-01-29,1620.74,Beauty,Credit Card,0
ORD_496681,CUST_1317,2025-10-30,3305.09,Books,UPI,0
ORD_390042,CUST_1317,2026-06-19,4336.62,Beauty,Credit Card,0
ORD_870448,CUST_1318,2026-05-31,2700.84,Books,UPI,1
ORD_886678,CUST_1318,2026-08-08,1325.44,Home & Kitchen,COD,0
ORD_396751,CUST_1318,2026-05-10,1585.0,Home & Kitchen,Debit Card,1
ORD_496907,CUST_1318,2026-03-30,3499.1,Electronics,Debit Card,1
ORD_259876,CUST_1319,2025-12-05,1303.5,Beauty,Credit Card,1
ORD_163146,CUST_1319,2025-11-01,1166.76,Books,Debit Card,1
ORD_639707,CUST_1319,2025-12-19,531.67,Books,Credit Card,0
ORD_244535,CUST_1319,2025-09-10,994.11,Electronics,UPI,0
ORD_451206,CUST_1319,2026-06-04,507.5,Apparel,Credit Card,1
ORD_781132,CUST_1319,2026-04-27,1801.16,Books,UPI,1
ORD_212099,CUST_1320,2025-10-13,1065.55,Beauty,Credit Card,0
ORD_277171,CUST_1320,2025-06-03,1384.65,Home & Kitchen,COD,0
ORD_767567,CUST_1320,2025-06-03,1041.4,Electronics,Credit Card,0
ORD_395863,CUST_1320,2025-07-04,1122.84,Home & Kitchen,UPI,0
ORD_372204,CUST_1320,2026-02-12,2724.7,Beauty,COD,0
ORD_788649,CUST_1320,2026-03-11,1183.72,Home & Kitchen,COD,1
ORD_958547,CUST_1320,2025-11-23,1902.36,Electronics,Credit Card,1
ORD_383590,CUST_1320,2026-03-19,1571.79,Home & Kitchen,UPI,0
ORD_215042,CUST_1321,2026-08-09,235.61,Home & Kitchen,Debit Card,0
ORD_490069,CUST_1321,2025-09-17,1709.88,Apparel,Debit Card,0
ORD_635244,CUST_1321,2026-04-08,2795.18,Home & Kitchen,Debit Card,0
ORD_429738,CUST_1321,2025-08-09,1092.31,Home & Kitchen,UPI,0
ORD_738210,CUST_1321,2025-06-03,2324.9,Home & Kitchen,Credit Card,1
ORD_138311,CUST_1321,2025-10-12,1671.83,Beauty,Debit Card,1
ORD_796084,CUST_1322,2025-06-14,751.51,Beauty,COD,1
ORD_959771,CUST_1322,2026-07-18,2409.84,Home & Kitchen,Credit Card,0
ORD_582898,CUST_1322,2025-06-27,2436.54,Beauty,Debit Card,1
ORD_473690,CUST_1322,2026-02-14,802.5,Electronics,COD,1
ORD_777551,CUST_1322,2025-10-11,4930.81,Apparel,Credit Card,0
ORD_769764,CUST_1322,2026-06-26,1834.65,Books,COD,0
ORD_102019,CUST_1322,2025-07-18,1368.67,Beauty,Credit Card,1
ORD_816704,CUST_1323,2026-03-04,1082.66,Electronics,UPI,1
ORD_732549,CUST_1323,2025-08-06,4508.36,Beauty,UPI,0
ORD_885566,CUST_1323,2025-10-27,3011.42,Books,Credit Card,0
ORD_626657,CUST_1323,2026-07-01,3388.77,Home & Kitchen,COD,0
ORD_135109,CUST_1323,2025-09-04,2048.17,Electronics,Credit Card,0
ORD_436564,CUST_1323,2026-01-21,2652.27,Electronics,COD,1
ORD_305338,CUST_1323,2026-04-04,552.94,Apparel,UPI,0
ORD_985978,CUST_1323,2025-09-26,4478.77,Home & Kitchen,Debit Card,0
ORD_375877,CUST_1323,2025-12-24,1984.5,Electronics,Debit Card,0
ORD_390431,CUST_1323,2025-12-02,890.81,Books,COD,0
ORD_715493,CUST_1323,2026-06-21,1982.51,Home & Kitchen,COD,1
ORD_460591,CUST_1324,2025-07-21,378.82,Apparel,COD,1
ORD_925177,CUST_1324,2025-11-03,2033.02,Electronics,COD,0
ORD_810293,CUST_1324,2026-02-19,2192.17,Apparel,Debit Card,0
ORD_308920,CUST_1324,2026-03-21,2053.18,Beauty,COD,0
ORD_446990,CUST_1324,2025-08-05,2656.61,Apparel,COD,0
ORD_648390,CUST_1324,2025-11-15,3180.34,Books,COD,0
ORD_609082,CUST_1325,2025-10-15,1494.39,Electronics,Debit Card,0
ORD_672403,CUST_1325,2025-06-07,3853.92,Home & Kitchen,UPI,0
ORD_408166,CUST_1325,2025-12-30,4667.21,Books,Debit Card,0
ORD_844026,CUST_1325,2026-02-03,912.3,Electronics,Credit Card,0
ORD_601616,CUST_1325,2025-06-04,1205.13,Home & Kitchen,Credit Card,0
ORD_600638,CUST_1326,2025-10-16,219.01,Electronics,UPI,0
ORD_283273,CUST_1327,2025-10-13,1146.11,Books,UPI,0
ORD_100015,CUST_1327,2025-09-02,1324.97,Books,Debit Card,1
ORD_147046,CUST_1327,2026-06-18,905.6,Books,Credit Card,0
ORD_538715,CUST_1328,2026-08-01,2011.68,Home & Kitchen,Credit Card,0
ORD_982604,CUST_1328,2026-05-08,2139.58,Beauty,Credit Card,0
ORD_139023,CUST_1328,2026-06-01,931.18,Beauty,UPI,0
ORD_591112,CUST_1328,2025-11-07,2088.5,Books,Credit Card,0
ORD_355931,CUST_1329,2026-02-08,644.09,Electronics,Debit Card,1
ORD_365808,CUST_1329,2026-03-16,827.17,Apparel,Credit Card,0
ORD_301664,CUST_1329,2025-10-10,1201.27,Beauty,UPI,1
ORD_631562,CUST_1330,2025-12-25,1755.62,Home & Kitchen,UPI,0
ORD_301081,CUST_1330,2025-11-22,1867.53,Beauty,Credit Card,0
ORD_323023,CUST_1330,2025-11-10,368.69,Electronics,Credit Card,0
ORD_601775,CUST_1330,2026-04-05,877.24,Beauty,COD,1
ORD_711628,CUST_1330,2025-06-06,2875.6,Books,UPI,0
ORD_965665,CUST_1330,2025-09-15,4886.02,Books,COD,0
ORD_862449,CUST_1330,2025-07-24,1420.75,Beauty,UPI,0
ORD_756228,CUST_1331,2026-03-27,1379.64,Books,COD,0
ORD_134512,CUST_1331,2025-12-26,570.27,Beauty,Credit Card,1
ORD_989825,CUST_1331,2026-08-20,639.9,Books,COD,1
ORD_362968,CUST_1332,2025-07-27,2160.81,Apparel,Credit Card,0
ORD_465212,CUST_1332,2025-07-05,583.68,Electronics,Debit Card,1
ORD_309485,CUST_1332,2026-02-10,1583.94,Home & Kitchen,UPI,0
ORD_109695,CUST_1332,2026-06-10,2516.48,Apparel,COD,0
ORD_619382,CUST_1332,2026-06-10,251.01,Apparel,COD,1
ORD_596733,CUST_1333,2025-09-14,1991.48,Books,Credit Card,1
ORD_126119,CUST_1333,2025-11-06,629.16,Home & Kitchen,COD,0
ORD_106553,CUST_1333,2026-05-22,1228.29,Home & Kitchen,Debit Card,0
ORD_527530,CUST_1333,2025-07-25,295.22,Beauty,COD,0
ORD_642057,CUST_1333,2025-10-24,457.43,Apparel,Debit Card,0
ORD_494836,CUST_1333,2025-10-12,816.97,Home & Kitchen,UPI,0
ORD_879331,CUST_1334,2026-03-05,2386.16,Books,Credit Card,0
ORD_320421,CUST_1334,2026-06-03,2146.68,Books,Debit Card,0
ORD_658088,CUST_1335,2025-12-13,2420.89,Books,Credit Card,0
ORD_676572,CUST_1335,2026-07-30,2430.41,Apparel,COD,0
ORD_297241,CUST_1335,2025-11-14,2204.7,Electronics,UPI,0
ORD_175028,CUST_1336,2025-09-02,311.28,Electronics,UPI,0
ORD_705599,CUST_1336,2025-11-10,2636.57,Electronics,Debit Card,1
ORD_219783,CUST_1336,2026-03-02,2981.85,Apparel,Debit Card,0
ORD_455884,CUST_1336,2025-08-26,683.53,Books,Debit Card,1
ORD_242290,CUST_1336,2026-07-29,232.8,Electronics,COD,0
ORD_450891,CUST_1336,2026-07-12,908.34,Books,Debit Card,1
ORD_560828,CUST_1336,2026-02-18,774.0,Books,Debit Card,0
ORD_248515,CUST_1337,2026-06-22,260.07,Electronics,Credit Card,0
ORD_653003,CUST_1337,2025-08-30,1497.39,Books,Debit Card,0
ORD_427660,CUST_1337,2025-08-22,936.42,Apparel,Credit Card,0
ORD_674839,CUST_1337,2025-10-08,4636.31,Home & Kitchen,Debit Card,0
ORD_201982,CUST_1337,2026-03-06,2118.31,Beauty,UPI,1
ORD_682523,CUST_1337,2025-06-13,5119.14,Apparel,Credit Card,0
ORD_513870,CUST_1337,2026-06-22,215.18,Electronics,Debit Card,0
ORD_281644,CUST_1337,2026-08-05,3011.58,Books,Credit Card,0
ORD_238691,CUST_1337,2025-11-11,382.41,Electronics,COD,0
ORD_249485,CUST_1338,2025-06-18,568.67,Electronics,Credit Card,0
ORD_414041,CUST_1338,2026-07-02,1177.99,Books,Debit Card,0
ORD_218115,CUST_1338,2026-03-08,2101.22,Books,UPI,0
ORD_163471,CUST_1338,2026-02-16,652.94,Books,Credit Card,0
ORD_150151,CUST_1338,2026-04-09,1484.49,Beauty,COD,0
ORD_593570,CUST_1338,2025-08-02,1151.34,Books,Credit Card,0
ORD_199919,CUST_1338,2026-01-01,1270.21,Electronics,Debit Card,0
ORD_702878,CUST_1338,2025-08-11,1030.57,Beauty,COD,0
ORD_252185,CUST_1339,2025-07-14,1484.23,Beauty,Debit Card,0
ORD_390320,CUST_1339,2026-02-27,1732.6,Books,UPI,0
ORD_895016,CUST_1339,2025-10-18,1805.32,Apparel,Debit Card,0
ORD_193878,CUST_1339,2025-10-12,2312.39,Home & Kitchen,COD,1
ORD_865034,CUST_1339,2026-03-17,489.7,Home & Kitchen,COD,1
ORD_126014,CUST_1339,2025-12-27,1356.74,Beauty,UPI,0
ORD_590339,CUST_1339,2025-12-26,3746.52,Electronics,Credit Card,0
ORD_626683,CUST_1339,2025-07-20,2394.11,Beauty,UPI,0
ORD_827688,CUST_1340,2026-05-06,1292.85,Apparel,COD,0
ORD_465169,CUST_1341,2026-01-03,1431.07,Apparel,Debit Card,1
ORD_103212,CUST_1341,2025-12-13,223.79,Electronics,COD,1
ORD_444785,CUST_1341,2025-08-11,330.3,Apparel,UPI,1
ORD_456043,CUST_1341,2025-10-31,1125.35,Beauty,Credit Card,0
ORD_710911,CUST_1341,2026-05-15,2287.1,Home & Kitchen,UPI,1
ORD_607409,CUST_1341,2026-08-16,1353.82,Electronics,COD,0
ORD_748782,CUST_1341,2025-09-11,2103.08,Books,Credit Card,1
ORD_878639,CUST_1342,2025-08-25,388.93,Home & Kitchen,Debit Card,1
ORD_406256,CUST_1343,2026-05-27,887.49,Home & Kitchen,UPI,0
ORD_957158,CUST_1343,2026-05-08,1324.78,Beauty,Debit Card,1
ORD_632046,CUST_1343,2026-07-27,3252.88,Apparel,COD,0
ORD_565139,CUST_1344,2026-06-17,2155.06,Books,Credit Card,0
ORD_443782,CUST_1344,2026-04-29,709.78,Home & Kitchen,COD,0
ORD_228824,CUST_1344,2025-08-22,1500.46,Apparel,COD,0
ORD_612193,CUST_1345,2025-11-05,1024.55,Apparel,Credit Card,0
ORD_577508,CUST_1345,2026-08-06,284.7,Books,Credit Card,0
ORD_329303,CUST_1346,2026-03-01,2627.32,Apparel,COD,1
ORD_842476,CUST_1346,2026-08-16,1477.43,Apparel,COD,1
ORD_336028,CUST_1346,2025-11-11,1002.44,Home & Kitchen,COD,0
ORD_347439,CUST_1347,2026-04-14,246.34,Electronics,COD,0
ORD_995954,CUST_1347,2025-11-05,1100.84,Apparel,Credit Card,0
ORD_588720,CUST_1347,2026-02-07,244.98,Apparel,COD,0
ORD_935227,CUST_1348,2026-05-20,11617.0,Electronics,COD,1
ORD_744256,CUST_1348,2025-11-08,6191.4,Apparel,Debit Card,1
ORD_744566,CUST_1348,2026-01-04,1160.24,Books,COD,1
ORD_932044,CUST_1348,2025-08-17,4385.17,Books,COD,0
ORD_188757,CUST_1349,2025-07-04,1274.43,Apparel,UPI,0
ORD_556089,CUST_1349,2025-11-26,934.4,Beauty,Credit Card,0
ORD_567667,CUST_1349,2025-08-14,2231.07,Books,Debit Card,1
ORD_214587,CUST_1350,2025-09-25,2085.56,Apparel,UPI,0
ORD_626961,CUST_1350,2025-08-14,1458.4,Home & Kitchen,Credit Card,1
ORD_496904,CUST_1350,2025-11-12,2976.79,Apparel,Debit Card,0
ORD_660085,CUST_1350,2026-03-14,1635.82,Home & Kitchen,COD,0
ORD_502854,CUST_1350,2026-05-14,1066.81,Electronics,Debit Card,1
ORD_888898,CUST_1351,2026-05-16,4631.03,Books,Credit Card,0
ORD_941741,CUST_1351,2026-07-13,2047.38,Electronics,UPI,0
ORD_833478,CUST_1351,2025-11-30,2236.04,Apparel,UPI,1
ORD_833082,CUST_1351,2025-10-01,4263.02,Electronics,Credit Card,1
ORD_622485,CUST_1352,2025-07-26,611.91,Books,Credit Card,0
ORD_277561,CUST_1352,2025-10-14,4331.46,Beauty,COD,0
ORD_581018,CUST_1352,2026-07-05,3849.55,Beauty,Debit Card,0
ORD_110236,CUST_1352,2026-01-27,5767.88,Apparel,UPI,1
ORD_750009,CUST_1352,2026-01-06,550.0,Books,UPI,1
ORD_378252,CUST_1352,2025-06-08,1298.54,Electronics,COD,0
ORD_237901,CUST_1352,2026-05-12,1663.91,Home & Kitchen,Debit Card,0
ORD_821202,CUST_1353,2025-06-04,3548.78,Books,COD,1
ORD_290191,CUST_1354,2026-04-06,1322.26,Electronics,UPI,0
ORD_742811,CUST_1354,2025-11-30,1512.71,Home & Kitchen,Debit Card,0
ORD_568239,CUST_1354,2025-12-31,3347.93,Beauty,Credit Card,1
ORD_481059,CUST_1355,2026-05-08,407.18,Beauty,Credit Card,0
ORD_958754,CUST_1355,2026-08-05,5959.17,Apparel,COD,0
ORD_248430,CUST_1355,2025-06-24,1230.82,Electronics,Credit Card,0
ORD_478824,CUST_1356,2026-03-10,2839.62,Electronics,Debit Card,0
ORD_586160,CUST_1356,2025-07-19,669.56,Apparel,COD,1
ORD_142311,CUST_1356,2026-07-02,986.36,Beauty,Credit Card,0
ORD_402094,CUST_1357,2026-06-14,1671.32,Apparel,Debit Card,1
ORD_883103,CUST_1357,2026-08-17,348.42,Beauty,Debit Card,1
ORD_774255,CUST_1357,2026-03-22,1747.23,Home & Kitchen,Debit Card,1
ORD_594775,CUST_1357,2025-12-11,3013.85,Electronics,COD,0
ORD_457073,CUST_1357,2026-08-22,370.7,Beauty,UPI,0
ORD_377941,CUST_1359,2025-10-14,4077.88,Beauty,UPI,1
ORD_243949,CUST_1359,2026-07-21,2498.2,Home & Kitchen,COD,1
ORD_188771,CUST_1359,2026-03-04,3493.2,Books,Credit Card,0
ORD_897399,CUST_1359,2025-08-11,1360.8,Beauty,Credit Card,0
ORD_378606,CUST_1360,2026-06-20,1084.47,Electronics,Credit Card,0
ORD_941672,CUST_1360,2025-12-15,1028.5,Home & Kitchen,UPI,0
ORD_884326,CUST_1360,2026-06-13,1150.4,Apparel,Debit Card,0
ORD_139369,CUST_1360,2026-05-30,632.41,Beauty,Debit Card,1
ORD_917187,CUST_1360,2026-04-16,480.51,Electronics,UPI,1
ORD_960527,CUST_1360,2025-08-04,228.12,Beauty,COD,0
ORD_741204,CUST_1360,2025-08-24,1850.28,Home & Kitchen,Credit Card,0
ORD_985188,CUST_1361,2026-01-30,544.46,Home & Kitchen,COD,0
ORD_688759,CUST_1361,2026-02-08,1688.77,Electronics,Credit Card,1
ORD_128004,CUST_1362,2025-11-20,3237.03,Books,UPI,0
ORD_633754,CUST_1362,2026-08-08,523.02,Beauty,COD,0
ORD_247748,CUST_1362,2025-08-11,3154.66,Home & Kitchen,Debit Card,1
ORD_329164,CUST_1362,2026-08-02,2424.8,Apparel,COD,1
ORD_779706,CUST_1362,2026-06-26,1384.81,Books,Debit Card,0
ORD_357571,CUST_1362,2025-10-25,665.31,Electronics,COD,1
ORD_563002,CUST_1362,2025-06-13,2939.98,Apparel,Credit Card,0
ORD_829846,CUST_1363,2026-01-21,674.25,Books,Debit Card,0
ORD_436940,CUST_1363,2026-04-17,4109.76,Beauty,Debit Card,1
ORD_874756,CUST_1363,2025-09-13,283.27,Beauty,Credit Card,1
ORD_118394,CUST_1363,2026-03-25,2465.03,Apparel,UPI,0
ORD_969403,CUST_1363,2026-03-09,1516.57,Electronics,Credit Card,1
ORD_606357,CUST_1363,2026-05-14,1519.19,Apparel,Debit Card,0
ORD_519230,CUST_1364,2025-10-12,3419.9,Beauty,Credit Card,0
ORD_277398,CUST_1364,2025-07-06,1378.49,Beauty,Credit Card,0
ORD_970670,CUST_1364,2026-01-10,2660.48,Home & Kitchen,Credit Card,1
ORD_268769,CUST_1364,2026-04-13,2132.15,Apparel,Debit Card,0
ORD_338078,CUST_1364,2025-06-13,755.47,Beauty,Credit Card,0
ORD_386420,CUST_1364,2025-07-18,282.55,Home & Kitchen,COD,0
ORD_553739,CUST_1364,2026-01-31,2034.2,Books,Credit Card,1
ORD_960352,CUST_1365,2026-07-21,736.49,Beauty,UPI,0
ORD_805339,CUST_1365,2026-06-13,854.98,Apparel,Debit Card,0
ORD_469432,CUST_1365,2025-07-20,9745.91,Beauty,COD,0
ORD_535485,CUST_1365,2026-07-27,2217.75,Electronics,Credit Card,0
ORD_694206,CUST_1366,2025-08-05,1336.88,Electronics,Debit Card,0
ORD_170605,CUST_1366,2025-11-15,1153.3,Electronics,Debit Card,1
ORD_838165,CUST_1366,2026-03-09,2400.58,Beauty,Debit Card,1
ORD_349975,CUST_1366,2026-07-08,4943.16,Electronics,UPI,0
ORD_705950,CUST_1367,2025-09-05,1414.29,Beauty,Debit Card,0
ORD_902914,CUST_1367,2025-06-14,281.73,Beauty,Credit Card,1
ORD_375201,CUST_1367,2025-10-23,3097.45,Apparel,COD,0
ORD_670900,CUST_1367,2025-06-15,523.79,Books,UPI,0
ORD_356760,CUST_1368,2026-03-07,1025.72,Electronics,Credit Card,0
ORD_792727,CUST_1368,2026-08-17,1753.5,Home & Kitchen,Debit Card,1
ORD_157941,CUST_1368,2025-07-13,1613.1,Electronics,Debit Card,0
ORD_736364,CUST_1368,2025-09-17,312.77,Beauty,COD,0
ORD_655564,CUST_1368,2026-06-21,923.83,Beauty,Debit Card,0
ORD_435206,CUST_1368,2025-07-08,1180.23,Apparel,Credit Card,0
ORD_877981,CUST_1368,2025-07-08,837.23,Home & Kitchen,Debit Card,1
ORD_556217,CUST_1369,2026-08-01,433.47,Books,COD,1
ORD_731866,CUST_1369,2025-09-04,831.59,Home & Kitchen,Debit Card,0
ORD_443671,CUST_1369,2026-08-04,1169.34,Electronics,Credit Card,1
ORD_524022,CUST_1369,2026-08-09,2902.44,Electronics,Credit Card,1
ORD_850561,CUST_1369,2026-04-29,434.72,Electronics,UPI,0
ORD_851564,CUST_1369,2026-07-26,1317.45,Electronics,COD,1
ORD_493781,CUST_1369,2026-02-14,890.39,Electronics,COD,1
ORD_580545,CUST_1369,2025-07-20,1663.85,Electronics,Debit Card,0
ORD_732822,CUST_1370,2025-11-18,328.9,Electronics,Debit Card,0
ORD_532809,CUST_1370,2025-12-21,1681.76,Apparel,Credit Card,0
ORD_434192,CUST_1370,2025-12-29,1574.96,Home & Kitchen,Credit Card,0
ORD_982169,CUST_1370,2026-02-11,2262.58,Home & Kitchen,Credit Card,0
ORD_146901,CUST_1370,2025-07-27,1338.36,Beauty,UPI,0
ORD_603528,CUST_1370,2025-07-25,1730.65,Electronics,Credit Card,0
ORD_565992,CUST_1370,2026-05-01,1761.7,Electronics,UPI,1
ORD_467057,CUST_1371,2025-09-07,1510.4,Beauty,Debit Card,1
ORD_191860,CUST_1371,2025-07-08,2269.85,Apparel,COD,0
ORD_324997,CUST_1371,2026-08-18,813.73,Electronics,Debit Card,1
ORD_453142,CUST_1371,2026-07-26,2768.19,Beauty,Debit Card,0
ORD_984336,CUST_1371,2025-12-18,3736.72,Home & Kitchen,Debit Card,1
ORD_937654,CUST_1371,2026-06-28,727.53,Books,Debit Card,0
ORD_285715,CUST_1371,2026-07-08,1486.04,Home & Kitchen,Debit Card,1
ORD_555519,CUST_1372,2025-11-25,388.11,Home & Kitchen,Debit Card,0
ORD_439749,CUST_1372,2026-08-03,9031.85,Beauty,UPI,0
ORD_337439,CUST_1372,2026-03-05,1538.49,Apparel,Credit Card,1
ORD_678078,CUST_1373,2025-11-08,914.27,Electronics,Credit Card,0
ORD_569284,CUST_1373,2026-07-31,463.4,Books,Credit Card,0
ORD_729742,CUST_1373,2026-01-17,1186.3,Beauty,Debit Card,0
ORD_593496,CUST_1373,2025-12-18,3146.27,Home & Kitchen,Credit Card,0
ORD_931219,CUST_1373,2026-05-22,343.22,Beauty,COD,0
ORD_665745,CUST_1373,2026-06-28,1823.98,Books,Credit Card,0
ORD_658692,CUST_1374,2025-07-07,940.34,Beauty,UPI,1
ORD_224451,CUST_1374,2026-06-07,416.72,Electronics,Debit Card,0
ORD_803577,CUST_1374,2026-02-19,1476.56,Beauty,Debit Card,0
ORD_732592,CUST_1374,2026-05-08,1317.3,Beauty,Credit Card,0
ORD_544846,CUST_1374,2026-02-11,979.19,Books,Credit Card,0
ORD_160664,CUST_1374,2025-09-13,4234.63,Electronics,COD,0
ORD_496608,CUST_1374,2026-04-02,3570.77,Electronics,COD,0
ORD_292122,CUST_1375,2025-08-13,2990.95,Beauty,UPI,1
ORD_763227,CUST_1375,2026-04-04,1367.87,Apparel,UPI,0
ORD_297977,CUST_1375,2026-06-13,273.73,Books,Credit Card,0
ORD_428396,CUST_1375,2025-06-27,424.82,Apparel,COD,0
ORD_714997,CUST_1375,2025-06-23,1129.23,Electronics,Debit Card,1
ORD_226951,CUST_1376,2026-02-18,1062.04,Beauty,COD,0
ORD_148737,CUST_1377,2025-08-01,584.47,Books,Credit Card,0
ORD_934363,CUST_1377,2026-04-12,306.19,Apparel,Debit Card,0
ORD_846086,CUST_1377,2026-01-31,2686.94,Beauty,COD,0
ORD_539707,CUST_1377,2026-06-01,894.75,Apparel,COD,0
ORD_115376,CUST_1377,2025-12-16,300.82,Books,Debit Card,1
ORD_192529,CUST_1378,2025-11-25,3622.46,Electronics,COD,0
ORD_309870,CUST_1378,2026-03-15,4681.71,Apparel,UPI,0
ORD_197555,CUST_1378,2025-08-13,667.64,Apparel,UPI,0
ORD_827591,CUST_1378,2025-12-10,492.27,Beauty,Debit Card,0
ORD_704146,CUST_1379,2025-06-17,525.69,Home & Kitchen,COD,0
ORD_828927,CUST_1379,2026-02-19,323.65,Home & Kitchen,Credit Card,1
ORD_407558,CUST_1379,2026-06-03,1099.69,Electronics,COD,0
ORD_366441,CUST_1379,2026-01-30,1780.47,Electronics,UPI,1
ORD_247892,CUST_1379,2026-06-16,2282.59,Books,UPI,1
ORD_160263,CUST_1379,2025-12-30,986.02,Books,UPI,1
ORD_405525,CUST_1380,2026-06-24,1052.94,Beauty,Debit Card,0
ORD_909733,CUST_1380,2026-02-26,737.07,Beauty,UPI,0
ORD_888525,CUST_1380,2025-09-03,761.21,Books,Debit Card,0
ORD_753002,CUST_1380,2026-07-14,1859.96,Apparel,Credit Card,0
ORD_194266,CUST_1380,2025-06-21,3179.35,Books,Debit Card,0
ORD_115675,CUST_1381,2026-03-29,2002.01,Apparel,UPI,1
ORD_729999,CUST_1381,2025-06-11,4479.88,Apparel,Debit Card,0
ORD_470283,CUST_1381,2026-05-02,2446.79,Apparel,COD,1
ORD_897177,CUST_1381,2026-03-08,388.31,Books,Credit Card,1
ORD_973055,CUST_1381,2026-01-09,2007.49,Beauty,Credit Card,0
ORD_940271,CUST_1382,2025-11-01,1258.53,Beauty,UPI,1
ORD_229576,CUST_1382,2025-07-08,1314.32,Books,Debit Card,0
ORD_858912,CUST_1383,2026-05-18,3244.59,Home & Kitchen,UPI,0
ORD_485939,CUST_1383,2025-08-19,1527.97,Apparel,Credit Card,1
ORD_794029,CUST_1383,2026-03-14,1242.63,Electronics,Credit Card,1
ORD_676231,CUST_1383,2026-02-16,693.99,Home & Kitchen,UPI,1
ORD_760319,CUST_1383,2025-07-06,2723.55,Apparel,COD,0
ORD_384599,CUST_1383,2025-06-17,1049.63,Electronics,Credit Card,0
ORD_469068,CUST_1383,2025-08-17,3006.24,Apparel,Credit Card,1
ORD_311985,CUST_1384,2025-09-01,1417.36,Beauty,COD,0
ORD_351442,CUST_1384,2025-06-19,1752.77,Electronics,Credit Card,1
ORD_365721,CUST_1384,2025-12-06,488.93,Apparel,Credit Card,1
ORD_504311,CUST_1384,2026-08-06,1336.98,Electronics,UPI,0
ORD_731633,CUST_1384,2026-03-02,4879.59,Home & Kitchen,COD,1
ORD_565705,CUST_1384,2025-11-27,1801.72,Beauty,UPI,0
ORD_635382,CUST_1384,2026-05-26,4176.63,Books,Debit Card,0
ORD_152748,CUST_1384,2025-10-20,2666.82,Electronics,Debit Card,0
ORD_919115,CUST_1385,2025-10-20,1138.58,Apparel,Credit Card,1
ORD_374462,CUST_1385,2026-01-22,1183.83,Beauty,UPI,0
ORD_585910,CUST_1385,2025-09-14,2652.22,Home & Kitchen,Debit Card,0
ORD_741447,CUST_1386,2026-04-11,1019.27,Books,Debit Card,0
ORD_639956,CUST_1387,2026-06-01,786.83,Apparel,Debit Card,0
ORD_421546,CUST_1387,2026-04-02,849.98,Apparel,Debit Card,1
ORD_684027,CUST_1387,2026-08-20,2414.63,Electronics,COD,0
ORD_189363,CUST_1388,2026-08-24,855.22,Apparel,Credit Card,0
ORD_201046,CUST_1388,2025-06-28,524.66,Electronics,Credit Card,0
ORD_385648,CUST_1388,2026-07-25,2221.47,Apparel,Credit Card,1
ORD_396867,CUST_1388,2026-07-17,2027.53,Beauty,Credit Card,1
ORD_463284,CUST_1388,2026-04-16,735.5,Apparel,Credit Card,1
ORD_493399,CUST_1388,2026-02-15,410.15,Apparel,UPI,0
ORD_541157,CUST_1388,2026-02-16,309.24,Electronics,Debit Card,0
ORD_974075,CUST_1389,2026-05-03,1541.95,Home & Kitchen,Debit Card,0
ORD_363254,CUST_1389,2025-08-06,1890.02,Apparel,UPI,0
ORD_934233,CUST_1389,2026-05-15,3345.29,Electronics,Debit Card,0
ORD_341300,CUST_1389,2026-02-02,1306.66,Books,COD,1
ORD_339628,CUST_1389,2025-07-17,3586.36,Beauty,COD,0
ORD_779874,CUST_1389,2026-05-07,251.84,Beauty,UPI,0
ORD_303474,CUST_1390,2025-09-17,1011.92,Beauty,Credit Card,0
ORD_556021,CUST_1390,2026-03-13,640.81,Beauty,COD,1
ORD_983881,CUST_1390,2025-07-22,650.09,Books,COD,1
ORD_795136,CUST_1391,2025-06-18,2276.13,Electronics,UPI,1
ORD_814622,CUST_1391,2026-04-26,1094.96,Electronics,Debit Card,0
ORD_999105,CUST_1391,2026-03-07,371.69,Electronics,COD,1
ORD_601525,CUST_1391,2026-02-26,250.96,Apparel,Credit Card,0
ORD_701305,CUST_1392,2026-01-12,735.5,Beauty,Credit Card,0
ORD_790952,CUST_1392,2025-12-16,411.18,Home & Kitchen,Debit Card,1
ORD_943660,CUST_1392,2025-12-24,920.98,Electronics,UPI,1
ORD_889539,CUST_1392,2026-06-08,3729.71,Apparel,Debit Card,0
ORD_909063,CUST_1392,2026-01-27,4780.16,Electronics,COD,0
ORD_730167,CUST_1393,2025-06-06,853.17,Home & Kitchen,Debit Card,0
ORD_288362,CUST_1393,2026-06-22,236.61,Apparel,UPI,0
ORD_160282,CUST_1393,2026-06-29,3156.98,Home & Kitchen,UPI,0
ORD_434123,CUST_1393,2025-06-13,2736.86,Electronics,COD,1
ORD_924428,CUST_1393,2026-06-11,2256.12,Beauty,Debit Card,1
ORD_452690,CUST_1393,2025-06-21,3495.77,Books,Credit Card,1
ORD_428779,CUST_1393,2025-12-03,1264.97,Electronics,Credit Card,1
ORD_816537,CUST_1394,2026-04-22,4470.31,Electronics,Credit Card,1
ORD_950340,CUST_1394,2025-07-25,1866.45,Apparel,UPI,0
ORD_528053,CUST_1394,2026-03-14,3088.98,Books,COD,1
ORD_771915,CUST_1394,2025-07-17,1005.91,Books,Debit Card,1
ORD_133521,CUST_1394,2026-03-28,4996.07,Beauty,COD,0
ORD_506637,CUST_1394,2025-11-19,217.96,Apparel,COD,0
ORD_142637,CUST_1394,2026-08-21,583.22,Home & Kitchen,COD,1
ORD_508873,CUST_1395,2026-01-30,898.57,Home & Kitchen,Credit Card,0
ORD_696168,CUST_1395,2026-01-25,790.46,Electronics,COD,1
ORD_499605,CUST_1395,2026-05-12,1868.93,Home & Kitchen,Debit Card,0
ORD_965849,CUST_1395,2025-08-25,1936.13,Apparel,Credit Card,1
ORD_940667,CUST_1396,2025-12-15,1462.62,Books,Debit Card,1
ORD_449207,CUST_1396,2025-11-22,1277.49,Beauty,UPI,1
ORD_223482,CUST_1397,2026-08-14,588.8,Beauty,COD,1
ORD_857131,CUST_1397,2026-03-03,258.79,Books,COD,1
ORD_951728,CUST_1398,2025-12-06,969.85,Apparel,Debit Card,1
ORD_817511,CUST_1398,2025-07-25,1026.39,Books,COD,1
ORD_971022,CUST_1398,2026-07-21,2584.26,Electronics,UPI,0
ORD_302682,CUST_1398,2026-03-28,510.07,Books,Debit Card,0
ORD_355549,CUST_1399,2025-10-11,1531.22,Home & Kitchen,COD,0
ORD_575388,CUST_1399,2025-07-08,1164.74,Books,Debit Card,0
ORD_643647,CUST_1400,2026-02-04,965.82,Home & Kitchen,COD,0
ORD_137355,CUST_1400,2026-04-11,1065.27,Beauty,Debit Card,0
ORD_617196,CUST_1400,2025-08-17,1718.09,Books,Credit Card,1
ORD_303206,CUST_1400,2026-06-03,623.22,Home & Kitchen,UPI,0
ORD_191426,CUST_1400,2025-12-24,620.79,Apparel,Credit Card,0
ORD_679885,CUST_1400,2026-03-03,3546.8,Books,COD,0
ORD_920793,CUST_1400,2026-07-28,1632.26,Apparel,Debit Card,1
ORD_970142,CUST_1401,2025-10-15,412.06,Electronics,Credit Card,0
ORD_913389,CUST_1401,2025-07-02,259.51,Apparel,Debit Card,0
ORD_556339,CUST_1401,2025-08-28,4827.12,Beauty,Debit Card,0
ORD_983286,CUST_1401,2026-07-21,2201.61,Books,COD,0
ORD_148231,CUST_1401,2026-05-27,2468.53,Electronics,COD,0
ORD_616328,CUST_1402,2025-09-06,764.74,Home & Kitchen,Debit Card,1
ORD_288717,CUST_1402,2025-11-13,2893.57,Books,COD,1
ORD_613168,CUST_1402,2025-11-03,1451.44,Apparel,Debit Card,0
ORD_452186,CUST_1402,2025-11-02,3931.11,Apparel,COD,0
ORD_198831,CUST_1402,2025-06-12,2620.04,Home & Kitchen,UPI,0
ORD_405242,CUST_1403,2026-08-18,404.28,Home & Kitchen,Debit Card,1
ORD_873085,CUST_1403,2026-04-10,2399.22,Apparel,COD,1
ORD_231458,CUST_1403,2026-05-01,4349.04,Electronics,Credit Card,1
ORD_615188,CUST_1403,2026-01-27,4021.34,Apparel,COD,0
ORD_638921,CUST_1403,2026-03-20,1051.29,Beauty,COD,0
ORD_800461,CUST_1403,2025-11-10,1143.76,Beauty,Credit Card,0
ORD_983939,CUST_1404,2026-02-09,7091.67,Apparel,Debit Card,1
ORD_648297,CUST_1404,2025-09-03,7199.77,Beauty,Debit Card,1
ORD_817654,CUST_1404,2025-10-26,1092.98,Electronics,Debit Card,0
ORD_502961,CUST_1404,2025-11-16,1020.18,Beauty,Debit Card,0
ORD_876422,CUST_1404,2026-02-09,3510.42,Electronics,COD,0
ORD_130982,CUST_1405,2026-04-25,906.7,Apparel,COD,0
ORD_460532,CUST_1405,2025-06-10,645.21,Home & Kitchen,COD,1
ORD_213436,CUST_1405,2025-09-27,1554.13,Books,COD,1
ORD_336444,CUST_1405,2026-01-15,1093.98,Beauty,COD,1
ORD_491029,CUST_1406,2025-07-07,356.16,Home & Kitchen,UPI,0
ORD_396514,CUST_1406,2025-12-26,1193.09,Home & Kitchen,UPI,0
ORD_172439,CUST_1406,2026-04-19,949.41,Apparel,UPI,0
ORD_971510,CUST_1406,2025-07-09,1308.42,Beauty,COD,1
ORD_241503,CUST_1406,2026-07-09,593.12,Beauty,Credit Card,0
ORD_191291,CUST_1407,2026-02-05,4219.42,Books,Debit Card,0
ORD_150697,CUST_1407,2025-08-19,3031.47,Home & Kitchen,Credit Card,1
ORD_607099,CUST_1407,2026-02-08,2795.56,Beauty,UPI,0
ORD_581294,CUST_1408,2026-01-24,310.47,Beauty,Debit Card,1
ORD_824442,CUST_1408,2026-06-29,1478.51,Beauty,UPI,1
ORD_189244,CUST_1408,2025-10-29,5370.46,Books,COD,0
ORD_757739,CUST_1408,2025-06-30,282.22,Electronics,Credit Card,0
ORD_390111,CUST_1408,2025-06-21,753.02,Home & Kitchen,COD,1
ORD_177734,CUST_1409,2026-03-06,264.43,Apparel,Credit Card,1
ORD_973372,CUST_1409,2026-01-30,486.94,Home & Kitchen,Debit Card,1
ORD_903100,CUST_1409,2026-06-10,4318.55,Apparel,COD,1
ORD_776367,CUST_1409,2025-07-01,308.02,Electronics,Credit Card,1
ORD_104522,CUST_1409,2025-12-01,1488.86,Electronics,UPI,1
ORD_686463,CUST_1410,2025-11-26,3060.14,Beauty,COD,0
ORD_574579,CUST_1410,2025-06-24,2047.26,Apparel,UPI,0
ORD_163910,CUST_1411,2025-06-09,2708.88,Electronics,Debit Card,0
ORD_141598,CUST_1411,2025-09-25,1211.05,Books,UPI,0
ORD_259964,CUST_1411,2026-04-10,332.66,Beauty,Debit Card,0
ORD_199074,CUST_1411,2026-06-20,1226.16,Books,Credit Card,0
ORD_280934,CUST_1411,2025-12-26,336.58,Beauty,Debit Card,1
ORD_563609,CUST_1411,2026-08-15,4632.96,Beauty,Credit Card,1
ORD_464699,CUST_1411,2026-08-16,632.99,Books,Debit Card,0
ORD_484382,CUST_1411,2025-07-22,812.2,Books,COD,0
ORD_613264,CUST_1412,2025-06-30,563.24,Books,COD,0
ORD_958824,CUST_1412,2025-09-15,284.52,Home & Kitchen,UPI,1
ORD_668392,CUST_1412,2025-12-14,4364.97,Home & Kitchen,Credit Card,0
ORD_282235,CUST_1412,2026-07-21,2867.14,Electronics,COD,0
ORD_691063,CUST_1412,2026-07-28,781.52,Apparel,COD,0
ORD_192199,CUST_1412,2025-11-08,680.42,Beauty,COD,0
ORD_358006,CUST_1413,2026-03-15,1135.63,Beauty,COD,0
ORD_971109,CUST_1414,2025-06-01,234.12,Books,COD,1
ORD_186491,CUST_1414,2025-07-15,2911.69,Electronics,COD,1
ORD_326406,CUST_1415,2026-05-25,1321.08,Electronics,COD,0
ORD_912344,CUST_1415,2026-04-26,920.12,Books,Debit Card,1
ORD_725244,CUST_1415,2025-07-20,283.85,Electronics,Credit Card,0
ORD_321746,CUST_1416,2026-07-25,2885.15,Home & Kitchen,Debit Card,0
ORD_253520,CUST_1416,2025-12-22,434.06,Electronics,UPI,1
ORD_220497,CUST_1416,2025-06-14,483.68,Home & Kitchen,UPI,0
ORD_216775,CUST_1416,2025-08-28,325.59,Apparel,Credit Card,0
ORD_311293,CUST_1416,2025-08-23,697.41,Home & Kitchen,UPI,0
ORD_178872,CUST_1416,2026-06-28,798.13,Beauty,Credit Card,0
ORD_842547,CUST_1417,2026-03-10,341.27,Beauty,Debit Card,0
ORD_847157,CUST_1417,2026-04-26,836.01,Apparel,UPI,1
ORD_751729,CUST_1417,2026-04-08,905.58,Apparel,Credit Card,1
ORD_230704,CUST_1417,2025-11-03,1954.67,Home & Kitchen,UPI,0
ORD_977944,CUST_1417,2025-07-25,416.95,Books,UPI,1
ORD_515505,CUST_1418,2025-11-28,992.7,Books,Debit Card,1
ORD_542985,CUST_1418,2025-10-07,364.51,Apparel,Debit Card,0
ORD_667476,CUST_1418,2025-12-30,1167.19,Books,Debit Card,1
ORD_482784,CUST_1419,2026-07-27,6493.36,Electronics,COD,0
ORD_994990,CUST_1419,2025-07-20,293.71,Electronics,COD,0
ORD_618943,CUST_1419,2026-06-23,2306.51,Electronics,Debit Card,1
ORD_732465,CUST_1419,2026-04-06,2940.66,Apparel,UPI,0
ORD_868278,CUST_1419,2026-02-01,2743.93,Home & Kitchen,Debit Card,1
ORD_965746,CUST_1420,2026-06-27,3248.42,Books,COD,0
ORD_303161,CUST_1420,2025-12-31,1900.09,Books,UPI,1
ORD_357023,CUST_1420,2025-08-31,2068.19,Books,COD,1
ORD_471603,CUST_1420,2026-08-18,1817.09,Beauty,UPI,1
ORD_258352,CUST_1420,2026-05-22,7441.91,Home & Kitchen,Debit Card,0
ORD_180799,CUST_1420,2026-06-02,305.51,Apparel,Credit Card,1
ORD_798512,CUST_1420,2026-01-06,877.96,Books,COD,0
ORD_351420,CUST_1420,2026-03-02,462.22,Beauty,Debit Card,0
ORD_813537,CUST_1421,2025-12-22,1464.93,Books,Debit Card,1
ORD_691676,CUST_1421,2025-09-20,1043.67,Home & Kitchen,COD,1
ORD_149334,CUST_1421,2025-08-24,2659.48,Apparel,COD,1
ORD_917126,CUST_1421,2025-06-22,264.6,Apparel,Credit Card,1
ORD_385201,CUST_1422,2026-07-02,484.3,Apparel,COD,0
ORD_835566,CUST_1422,2026-05-01,1322.19,Home & Kitchen,COD,0
ORD_807717,CUST_1422,2025-09-29,5647.42,Books,Credit Card,1
ORD_982257,CUST_1422,2025-06-13,984.68,Beauty,Debit Card,1
ORD_411671,CUST_1422,2025-08-28,3822.16,Electronics,Credit Card,1
ORD_500662,CUST_1423,2026-03-12,1686.3,Apparel,COD,0
ORD_267856,CUST_1423,2026-05-23,1146.28,Beauty,UPI,0
ORD_198746,CUST_1423,2026-06-20,3463.2,Electronics,Credit Card,1
ORD_777510,CUST_1424,2025-07-16,2100.04,Electronics,UPI,1
ORD_398816,CUST_1424,2025-09-14,961.14,Books,COD,0
ORD_673570,CUST_1425,2025-06-04,1433.9,Apparel,Debit Card,0
ORD_181673,CUST_1425,2026-01-15,1914.66,Beauty,Credit Card,1
ORD_902066,CUST_1425,2025-08-15,2166.77,Books,COD,0
ORD_229980,CUST_1426,2026-05-24,593.88,Electronics,Credit Card,1
ORD_641661,CUST_1426,2026-07-02,3270.66,Electronics,Credit Card,0
ORD_319015,CUST_1426,2026-04-07,609.12,Home & Kitchen,UPI,0
ORD_500375,CUST_1426,2026-07-13,466.23,Home & Kitchen,COD,1
ORD_464633,CUST_1426,2025-07-12,2028.05,Apparel,Credit Card,1
ORD_648683,CUST_1426,2026-03-15,512.18,Books,UPI,1
ORD_894515,CUST_1426,2025-09-11,485.63,Home & Kitchen,UPI,0
ORD_744711,CUST_1426,2025-09-25,455.07,Books,Debit Card,0
ORD_185666,CUST_1426,2025-07-23,2877.7,Beauty,Credit Card,1
ORD_675063,CUST_1427,2026-08-02,3352.63,Electronics,UPI,1
ORD_168464,CUST_1427,2025-09-22,780.18,Electronics,COD,1
ORD_846640,CUST_1427,2026-05-30,969.58,Electronics,UPI,1
ORD_656116,CUST_1427,2026-02-08,446.18,Beauty,Debit Card,0
ORD_642036,CUST_1427,2025-07-31,1534.74,Home & Kitchen,UPI,0
ORD_341851,CUST_1427,2025-06-04,252.04,Home & Kitchen,UPI,1
ORD_886401,CUST_1427,2025-06-13,981.03,Apparel,Credit Card,0
ORD_750728,CUST_1428,2026-01-25,3721.01,Beauty,UPI,1
ORD_344300,CUST_1428,2025-11-18,4139.21,Apparel,Credit Card,1
ORD_164512,CUST_1428,2026-01-21,544.76,Home & Kitchen,UPI,0
ORD_159789,CUST_1428,2026-03-21,966.79,Apparel,COD,1
ORD_621564,CUST_1428,2025-12-20,1270.45,Beauty,Credit Card,0
ORD_926894,CUST_1429,2025-07-07,3341.5,Home & Kitchen,COD,1
ORD_102589,CUST_1429,2025-09-04,551.38,Apparel,COD,0
ORD_818687,CUST_1429,2026-08-01,1105.78,Home & Kitchen,Credit Card,0
ORD_221315,CUST_1429,2026-05-03,6333.27,Electronics,Credit Card,0
ORD_226794,CUST_1430,2026-08-18,1061.92,Apparel,Debit Card,0
ORD_756921,CUST_1430,2026-07-24,1496.62,Electronics,Debit Card,1
ORD_615985,CUST_1430,2025-11-18,803.84,Apparel,COD,1
ORD_295552,CUST_1430,2026-06-25,1134.82,Home & Kitchen,Debit Card,1
ORD_166786,CUST_1430,2025-10-29,3323.12,Apparel,COD,0
ORD_533073,CUST_1431,2025-06-24,315.86,Books,COD,1
ORD_202548,CUST_1431,2025-09-25,1620.7,Books,UPI,1
ORD_417234,CUST_1431,2026-01-20,3036.42,Apparel,UPI,0
ORD_970656,CUST_1432,2025-10-20,2593.6,Home & Kitchen,Debit Card,1
ORD_713667,CUST_1432,2025-08-01,728.77,Books,Credit Card,0
ORD_455893,CUST_1432,2025-11-22,4241.34,Electronics,Credit Card,0
ORD_678679,CUST_1432,2025-08-11,2629.71,Home & Kitchen,COD,0
ORD_996020,CUST_1432,2025-12-07,451.32,Apparel,Debit Card,0
ORD_130273,CUST_1433,2026-02-19,3364.85,Home & Kitchen,Debit Card,1
ORD_362025,CUST_1433,2026-03-28,362.35,Home & Kitchen,UPI,1
ORD_796713,CUST_1433,2025-10-18,1863.84,Books,UPI,0
ORD_358116,CUST_1433,2026-05-11,243.01,Electronics,COD,0
ORD_957247,CUST_1433,2025-08-09,1041.99,Books,Debit Card,0
ORD_148070,CUST_1434,2025-07-17,945.62,Apparel,Credit Card,0
ORD_137664,CUST_1434,2026-06-26,1388.58,Beauty,Credit Card,0
ORD_175276,CUST_1434,2026-02-27,3158.36,Books,COD,0
ORD_914639,CUST_1435,2025-09-13,1837.64,Books,COD,0
ORD_359966,CUST_1435,2025-07-25,1194.74,Beauty,UPI,1
ORD_889106,CUST_1435,2026-08-11,1000.16,Electronics,Debit Card,1
ORD_516432,CUST_1436,2025-06-22,1532.99,Beauty,COD,0
ORD_189023,CUST_1436,2025-11-12,464.42,Books,Credit Card,1
ORD_639303,CUST_1436,2026-01-23,409.68,Beauty,UPI,0
ORD_707478,CUST_1436,2026-05-09,3627.46,Apparel,Debit Card,0
ORD_842003,CUST_1436,2025-09-21,1639.13,Apparel,Debit Card,0
ORD_695929,CUST_1437,2025-06-01,1397.46,Electronics,Credit Card,0
ORD_726365,CUST_1437,2025-12-01,2504.1,Beauty,UPI,0
ORD_586744,CUST_1437,2026-08-20,859.02,Books,UPI,0
ORD_794595,CUST_1438,2026-04-30,1648.01,Books,UPI,1
ORD_478147,CUST_1438,2025-08-13,4322.68,Electronics,UPI,0
ORD_166046,CUST_1439,2026-07-28,552.48,Electronics,Debit Card,1
ORD_262187,CUST_1440,2025-12-26,994.1,Apparel,Debit Card,0
ORD_911100,CUST_1440,2025-08-04,260.28,Apparel,Debit Card,1
ORD_570471,CUST_1440,2026-03-05,4066.21,Apparel,UPI,1
ORD_556435,CUST_1440,2026-08-21,800.07,Electronics,Debit Card,1
ORD_151786,CUST_1440,2026-06-11,939.39,Home & Kitchen,Credit Card,1
ORD_339139,CUST_1440,2026-06-09,6575.94,Beauty,COD,0
ORD_693669,CUST_1440,2025-12-02,820.96,Home & Kitchen,UPI,0
ORD_181227,CUST_1441,2026-05-10,545.49,Home & Kitchen,COD,0
ORD_907342,CUST_1441,2026-06-14,1148.19,Beauty,Credit Card,1
ORD_395103,CUST_1441,2025-07-11,1024.53,Books,UPI,0
ORD_466357,CUST_1441,2025-09-14,3377.87,Books,COD,0
ORD_900444,CUST_1441,2025-08-13,212.51,Apparel,UPI,1
ORD_508980,CUST_1441,2025-06-02,212.35,Beauty,COD,1
ORD_262867,CUST_1442,2025-11-22,3410.66,Beauty,UPI,0
ORD_559099,CUST_1442,2025-06-01,513.02,Apparel,Debit Card,0
ORD_682476,CUST_1442,2025-09-29,846.17,Home & Kitchen,UPI,1
ORD_985704,CUST_1443,2026-01-28,1801.32,Electronics,Debit Card,0
ORD_285385,CUST_1443,2026-05-20,1355.43,Beauty,Credit Card,1
ORD_955327,CUST_1443,2025-10-16,435.49,Apparel,Credit Card,0
ORD_325683,CUST_1443,2026-07-09,277.28,Beauty,Debit Card,0
ORD_513145,CUST_1444,2025-12-07,3197.21,Electronics,UPI,1
ORD_965318,CUST_1444,2025-11-09,1480.54,Beauty,Debit Card,0
ORD_317815,CUST_1444,2026-04-08,545.31,Electronics,UPI,0
ORD_186675,CUST_1444,2026-08-06,653.3,Apparel,Debit Card,1
ORD_650808,CUST_1444,2025-08-13,3275.09,Books,COD,1
ORD_148720,CUST_1444,2026-06-18,652.87,Books,UPI,0
ORD_506080,CUST_1444,2026-04-11,669.6,Beauty,Debit Card,0
ORD_545170,CUST_1444,2025-07-12,567.43,Home & Kitchen,Debit Card,1
ORD_318930,CUST_1445,2026-03-26,3077.53,Electronics,UPI,1
ORD_608604,CUST_1445,2025-07-27,2010.82,Books,UPI,1
ORD_953951,CUST_1445,2026-04-11,1467.91,Apparel,UPI,0
ORD_238966,CUST_1445,2025-10-04,1757.33,Apparel,UPI,1
ORD_389669,CUST_1446,2026-01-15,2883.29,Apparel,COD,1
ORD_249712,CUST_1446,2026-07-20,393.69,Apparel,COD,0
ORD_168363,CUST_1446,2026-01-15,1980.99,Apparel,COD,1
ORD_710725,CUST_1446,2026-07-11,1457.38,Apparel,COD,0
ORD_723267,CUST_1446,2026-06-17,334.63,Apparel,Credit Card,0
ORD_686613,CUST_1447,2025-06-01,420.48,Beauty,COD,1
ORD_874808,CUST_1447,2026-05-16,1910.15,Books,Debit Card,0
ORD_607026,CUST_1447,2026-02-01,844.9,Electronics,Debit Card,0
ORD_578911,CUST_1447,2026-07-04,2580.45,Apparel,COD,0
ORD_407475,CUST_1447,2026-07-05,238.5,Apparel,Debit Card,1
ORD_950486,CUST_1448,2026-03-03,7475.02,Beauty,UPI,0
ORD_605275,CUST_1448,2025-09-19,2949.6,Home & Kitchen,Credit Card,0
ORD_273167,CUST_1448,2026-04-21,1795.9,Home & Kitchen,UPI,0
ORD_160285,CUST_1448,2026-08-09,974.34,Home & Kitchen,Credit Card,0
ORD_524020,CUST_1449,2025-11-30,1704.83,Electronics,Credit Card,0
ORD_801773,CUST_1449,2026-05-05,3598.33,Beauty,Debit Card,1
ORD_660811,CUST_1449,2026-03-14,6110.47,Books,Debit Card,0
ORD_342024,CUST_1449,2025-12-13,4840.01,Books,Credit Card,0
ORD_267596,CUST_1450,2026-05-01,276.13,Books,Debit Card,1
ORD_266901,CUST_1450,2026-06-15,568.33,Apparel,UPI,1
ORD_896184,CUST_1450,2025-10-19,1744.74,Beauty,Debit Card,0
ORD_542762,CUST_1451,2026-07-26,1721.64,Home & Kitchen,Debit Card,0
ORD_258497,CUST_1451,2025-07-08,628.94,Books,UPI,1
ORD_609325,CUST_1451,2026-04-04,3652.07,Books,UPI,0
ORD_830002,CUST_1452,2026-03-15,1553.85,Electronics,Debit Card,0
ORD_691002,CUST_1452,2026-03-02,351.0,Home & Kitchen,UPI,0
ORD_989598,CUST_1452,2026-01-10,2792.52,Home & Kitchen,Debit Card,0
ORD_641689,CUST_1453,2025-08-21,247.94,Beauty,UPI,0
ORD_368159,CUST_1453,2025-06-03,1154.47,Beauty,COD,1
ORD_354770,CUST_1453,2025-10-23,1570.07,Beauty,Credit Card,1
ORD_688826,CUST_1453,2025-07-13,487.07,Electronics,COD,1
ORD_412732,CUST_1453,2026-07-29,327.85,Beauty,UPI,0
ORD_317544,CUST_1453,2026-08-18,2194.38,Apparel,UPI,1
ORD_290690,CUST_1453,2026-03-19,756.1,Electronics,Credit Card,1
ORD_796403,CUST_1454,2026-01-14,350.81,Books,Credit Card,0
ORD_811448,CUST_1454,2026-01-07,701.78,Books,UPI,0
ORD_649633,CUST_1454,2025-12-13,2365.87,Books,Credit Card,0
ORD_253023,CUST_1455,2026-04-16,3934.2,Beauty,UPI,0
ORD_476756,CUST_1455,2025-11-08,4467.74,Apparel,Debit Card,1
ORD_309820,CUST_1456,2025-10-28,838.3,Books,Debit Card,1
ORD_793278,CUST_1456,2025-11-28,1585.53,Electronics,UPI,1
ORD_724257,CUST_1456,2025-06-12,2115.92,Books,UPI,0
ORD_368092,CUST_1456,2025-11-10,2266.16,Books,Credit Card,0
ORD_146659,CUST_1456,2026-03-05,1730.88,Home & Kitchen,Credit Card,0
ORD_878539,CUST_1456,2025-09-23,587.4,Apparel,Credit Card,0
ORD_245991,CUST_1457,2025-07-28,701.4,Home & Kitchen,UPI,0
ORD_556297,CUST_1457,2025-10-14,270.17,Apparel,Debit Card,1
ORD_378577,CUST_1457,2025-06-03,2593.74,Home & Kitchen,COD,0
ORD_690238,CUST_1458,2026-01-07,395.31,Electronics,Debit Card,0
ORD_593936,CUST_1458,2026-07-04,330.59,Beauty,UPI,1
ORD_473096,CUST_1459,2026-08-15,1261.98,Books,Debit Card,0
ORD_321538,CUST_1460,2026-07-21,1932.47,Electronics,Debit Card,1
ORD_351762,CUST_1460,2026-08-24,2187.23,Books,Debit Card,0
ORD_693184,CUST_1462,2025-07-28,886.1,Apparel,Credit Card,0
ORD_551182,CUST_1463,2026-05-19,485.3,Books,UPI,1
ORD_460372,CUST_1463,2026-04-04,1862.24,Books,COD,0
ORD_383392,CUST_1463,2026-03-12,2165.09,Books,UPI,0
ORD_242049,CUST_1464,2026-08-01,2097.2,Home & Kitchen,Debit Card,0
ORD_833349,CUST_1464,2026-04-06,1146.21,Apparel,Credit Card,0
ORD_588260,CUST_1464,2025-11-05,2355.24,Books,COD,1
ORD_382926,CUST_1464,2026-07-10,419.58,Beauty,UPI,0
ORD_530715,CUST_1465,2026-03-17,719.5,Electronics,Credit Card,1
ORD_494692,CUST_1465,2026-02-18,1000.74,Home & Kitchen,Credit Card,1
ORD_504138,CUST_1465,2025-06-27,1881.41,Home & Kitchen,Credit Card,0
ORD_917847,CUST_1466,2026-08-12,2814.0,Books,Credit Card,0
ORD_158650,CUST_1466,2025-09-10,2281.56,Books,Credit Card,0
ORD_637605,CUST_1467,2026-06-14,1001.93,Electronics,Credit Card,1
ORD_757960,CUST_1467,2026-07-04,526.67,Apparel,Credit Card,0
ORD_138469,CUST_1467,2025-12-13,376.06,Beauty,UPI,0
ORD_582156,CUST_1467,2025-09-03,1027.31,Beauty,Debit Card,0
ORD_624493,CUST_1467,2026-03-01,5017.84,Books,COD,0
ORD_797105,CUST_1468,2026-02-23,1290.53,Electronics,Debit Card,0
ORD_697083,CUST_1468,2025-09-21,1324.62,Home & Kitchen,Credit Card,0
ORD_955542,CUST_1468,2025-10-24,810.25,Books,UPI,1
ORD_331898,CUST_1468,2025-07-10,3077.13,Books,UPI,0
ORD_808854,CUST_1468,2026-07-16,2070.94,Electronics,UPI,0
ORD_785401,CUST_1468,2026-03-27,1322.87,Books,UPI,1
ORD_166686,CUST_1469,2025-12-19,325.41,Apparel,COD,0
ORD_240880,CUST_1469,2025-09-15,1437.18,Apparel,Debit Card,1
ORD_954639,CUST_1469,2026-01-06,1030.95,Beauty,Credit Card,1
ORD_985250,CUST_1469,2025-12-24,808.34,Books,UPI,0
ORD_500077,CUST_1469,2025-12-19,3023.74,Beauty,Debit Card,0
ORD_311177,CUST_1469,2025-09-29,1508.37,Beauty,UPI,0
ORD_815400,CUST_1469,2025-10-16,971.93,Electronics,Credit Card,0
ORD_976587,CUST_1470,2026-04-04,967.22,Beauty,Debit Card,1
ORD_768695,CUST_1470,2025-10-23,1102.5,Beauty,Credit Card,0
ORD_175675,CUST_1470,2026-05-08,885.24,Books,Credit Card,0
ORD_805479,CUST_1470,2026-06-16,3676.01,Electronics,Debit Card,1
ORD_250424,CUST_1470,2025-09-10,547.12,Beauty,UPI,1
ORD_924353,CUST_1470,2025-10-02,1483.72,Home & Kitchen,UPI,0
ORD_344965,CUST_1470,2025-06-21,760.71,Electronics,Debit Card,0
ORD_388334,CUST_1470,2026-08-14,2141.36,Beauty,Credit Card,1
ORD_680609,CUST_1472,2025-09-27,1535.13,Home & Kitchen,Credit Card,1
ORD_410894,CUST_1472,2025-11-24,1249.56,Books,Credit Card,0
ORD_328464,CUST_1473,2026-03-13,4010.47,Home & Kitchen,COD,0
ORD_420762,CUST_1473,2026-06-17,832.3,Beauty,Credit Card,0
ORD_202478,CUST_1473,2025-11-27,237.45,Apparel,Credit Card,0
ORD_199341,CUST_1473,2025-09-07,3999.02,Electronics,Credit Card,0
ORD_331560,CUST_1474,2026-05-25,1635.3,Home & Kitchen,COD,1
ORD_433175,CUST_1474,2026-02-05,605.03,Home & Kitchen,Debit Card,1
ORD_667848,CUST_1475,2025-09-29,2363.04,Beauty,COD,0
ORD_789182,CUST_1475,2026-04-26,2258.74,Beauty,Credit Card,0
ORD_964250,CUST_1475,2025-07-14,642.29,Apparel,Credit Card,0
ORD_327894,CUST_1475,2025-08-13,652.23,Electronics,UPI,0
ORD_599600,CUST_1475,2026-05-21,1356.13,Beauty,Credit Card,1
ORD_393797,CUST_1476,2025-11-17,1812.6,Books,Credit Card,1
ORD_387207,CUST_1476,2026-06-14,799.09,Apparel,Debit Card,0
ORD_781326,CUST_1476,2025-07-30,249.53,Beauty,UPI,0
ORD_795087,CUST_1476,2026-03-09,709.97,Beauty,COD,1
ORD_413817,CUST_1476,2026-07-10,1579.61,Home & Kitchen,Debit Card,1
ORD_635452,CUST_1476,2026-07-10,975.6,Electronics,UPI,0
ORD_303195,CUST_1476,2026-08-08,4710.2,Apparel,Credit Card,1
ORD_968750,CUST_1477,2026-04-30,586.59,Home & Kitchen,Credit Card,0
ORD_569596,CUST_1477,2026-06-15,1981.01,Electronics,Debit Card,0
ORD_669677,CUST_1477,2025-06-20,479.2,Beauty,Debit Card,1
ORD_494039,CUST_1477,2025-06-02,468.9,Books,Debit Card,0
ORD_856530,CUST_1478,2025-12-16,4603.26,Electronics,UPI,0
ORD_235673,CUST_1478,2025-10-09,337.79,Electronics,COD,1
ORD_120195,CUST_1478,2025-12-18,528.04,Apparel,COD,1
ORD_413142,CUST_1478,2026-04-15,438.14,Home & Kitchen,Credit Card,1
ORD_526542,CUST_1478,2026-05-03,873.65,Beauty,Credit Card,1
ORD_973623,CUST_1478,2026-03-06,4083.05,Books,Credit Card,0
ORD_262372,CUST_1479,2026-07-20,2058.22,Beauty,Credit Card,0
ORD_427535,CUST_1480,2025-11-02,378.64,Apparel,COD,0
ORD_600735,CUST_1480,2025-08-26,1875.65,Home & Kitchen,COD,0
ORD_609968,CUST_1480,2026-01-09,329.84,Apparel,Debit Card,0
ORD_577061,CUST_1480,2025-07-22,1744.12,Electronics,COD,0
ORD_869129,CUST_1481,2025-06-13,1437.47,Home & Kitchen,UPI,0
ORD_697143,CUST_1481,2025-07-27,571.48,Books,Debit Card,0
ORD_879340,CUST_1481,2026-04-21,1153.85,Electronics,UPI,1
ORD_741260,CUST_1481,2026-06-16,814.29,Electronics,Debit Card,0
ORD_782637,CUST_1481,2026-08-05,1045.97,Home & Kitchen,UPI,0
ORD_949390,CUST_1481,2025-11-19,2785.09,Electronics,UPI,0
ORD_165214,CUST_1482,2026-02-12,1242.32,Home & Kitchen,COD,0
ORD_951306,CUST_1482,2025-07-25,3720.66,Beauty,Credit Card,0
ORD_893480,CUST_1482,2025-07-11,1697.69,Apparel,Credit Card,0
ORD_279194,CUST_1482,2025-11-27,533.02,Apparel,Debit Card,0
ORD_719675,CUST_1482,2025-08-24,6219.24,Apparel,Credit Card,1
ORD_982326,CUST_1483,2025-08-23,271.64,Apparel,Credit Card,1
ORD_123560,CUST_1483,2025-11-17,1051.11,Electronics,UPI,1
ORD_118225,CUST_1483,2025-08-15,5116.27,Electronics,UPI,0
ORD_483021,CUST_1483,2026-06-17,2016.17,Books,Debit Card,0
ORD_716839,CUST_1484,2026-04-24,7280.09,Home & Kitchen,Debit Card,1
ORD_209365,CUST_1484,2025-08-15,2911.9,Apparel,COD,0
ORD_909223,CUST_1484,2025-09-18,790.61,Apparel,UPI,0
ORD_522701,CUST_1485,2026-03-13,1049.46,Apparel,COD,1
ORD_906702,CUST_1485,2025-08-27,1013.49,Home & Kitchen,Debit Card,1
ORD_795089,CUST_1485,2026-07-25,432.21,Books,Credit Card,1
ORD_723693,CUST_1486,2026-05-31,4915.95,Books,COD,0
ORD_866656,CUST_1486,2026-07-23,1340.58,Home & Kitchen,COD,1
ORD_289007,CUST_1487,2025-07-12,346.16,Electronics,UPI,0
ORD_325877,CUST_1487,2025-09-21,2906.01,Beauty,COD,0
ORD_783228,CUST_1487,2025-11-18,230.36,Books,UPI,1
ORD_371602,CUST_1488,2026-06-21,402.21,Electronics,UPI,1
ORD_267599,CUST_1488,2025-07-12,821.07,Electronics,Credit Card,0
ORD_934787,CUST_1488,2026-03-25,277.85,Home & Kitchen,Debit Card,0
ORD_645255,CUST_1489,2025-09-14,3181.96,Books,UPI,1
ORD_842711,CUST_1489,2025-09-20,756.63,Apparel,Credit Card,0
ORD_495722,CUST_1489,2026-04-25,268.04,Electronics,UPI,1
ORD_383805,CUST_1490,2025-08-05,653.35,Home & Kitchen,UPI,1
ORD_431422,CUST_1490,2026-02-26,2134.47,Beauty,UPI,1
ORD_435415,CUST_1490,2026-04-27,729.33,Home & Kitchen,Credit Card,0
ORD_583121,CUST_1490,2025-06-02,249.04,Books,COD,0
ORD_389041,CUST_1491,2025-11-24,1118.48,Electronics,UPI,0
ORD_656229,CUST_1491,2026-05-15,4431.75,Electronics,COD,0
ORD_640735,CUST_1491,2026-05-28,324.21,Home & Kitchen,COD,0
ORD_706348,CUST_1491,2026-04-04,3339.45,Apparel,Debit Card,1
ORD_297057,CUST_1491,2026-03-17,883.53,Electronics,COD,0
ORD_840233,CUST_1492,2025-06-12,6842.79,Beauty,COD,1
ORD_379360,CUST_1492,2026-02-05,1450.34,Apparel,Debit Card,1
ORD_373445,CUST_1492,2026-03-27,856.7,Beauty,UPI,1
ORD_225172,CUST_1493,2026-02-06,5018.1,Apparel,UPI,1
ORD_629070,CUST_1493,2026-02-24,572.94,Apparel,Debit Card,1
ORD_659834,CUST_1493,2026-06-08,2410.38,Beauty,Credit Card,0
ORD_699149,CUST_1494,2026-05-19,936.6,Apparel,Credit Card,1
ORD_356072,CUST_1494,2025-11-20,912.64,Apparel,UPI,1
ORD_310117,CUST_1494,2026-08-20,586.46,Books,Credit Card,0
ORD_687497,CUST_1494,2026-07-15,513.11,Beauty,COD,1
ORD_509759,CUST_1494,2026-04-29,1018.86,Home & Kitchen,COD,0
ORD_113181,CUST_1495,2026-05-21,2185.66,Books,Debit Card,0
ORD_672305,CUST_1495,2026-01-12,1084.86,Beauty,UPI,0
ORD_459579,CUST_1496,2025-11-11,1473.89,Apparel,Debit Card,1
ORD_754942,CUST_1496,2026-03-31,6273.84,Home & Kitchen,COD,0
ORD_894077,CUST_1496,2026-02-10,691.58,Home & Kitchen,Credit Card,0
ORD_693990,CUST_1496,2026-06-01,474.84,Electronics,UPI,1
ORD_657827,CUST_1496,2025-08-28,977.1,Apparel,COD,0
ORD_777058,CUST_1496,2025-12-11,621.86,Electronics,COD,0
ORD_718531,CUST_1497,2025-06-19,524.13,Beauty,UPI,0
ORD_322424,CUST_1497,2026-01-09,398.9,Home & Kitchen,UPI,0
ORD_349407,CUST_1497,2026-04-20,994.88,Home & Kitchen,Credit Card,0
ORD_273804,CUST_1497,2026-07-28,3163.84,Apparel,COD,0
ORD_658459,CUST_1497,2025-06-19,330.33,Books,UPI,0
ORD_621819,CUST_1497,2025-07-12,6415.9,Books,UPI,0
ORD_527704,CUST_1498,2026-03-13,3465.55,Beauty,UPI,0
ORD_752160,CUST_1498,2025-06-19,3652.27,Apparel,COD,0
ORD_328443,CUST_1498,2025-08-21,2154.92,Electronics,Debit Card,0
ORD_929599,CUST_1498,2026-04-12,2334.35,Beauty,COD,0
ORD_766067,CUST_1498,2026-07-14,861.06,Books,Credit Card,0
ORD_471983,CUST_1499,2025-11-26,1621.15,Home & Kitchen,Debit Card,1
ORD_307547,CUST_1499,2025-10-01,1546.36,Home & Kitchen,Credit Card,1
ORD_226895,CUST_1499,2025-11-27,450.4,Apparel,COD,1
ORD_306337,CUST_1499,2026-04-17,979.47,Electronics,UPI,0
ORD_230522,CUST_1499,2025-06-23,3793.52,Home & Kitchen,Credit Card,1
